This file contains any messages produced by compilers while
running configure, to aid debugging if configure makes a mistake.

It was created by configure, which was
generated by GNU Autoconf 2.69.  Invocation command line was

  $ /root/AsmXoM/binutils-2.44/libiberty/configure --srcdir=../../libiberty --cache-file=./config.cache --with-gnu-as --with-gnu-ld --prefix=/root/AsmXoM/binutils-2.44/build --program-transform-name=s,y,y, --disable-option-checking --disable-year2038 --build=x86_64-pc-linux-gnu --host=x86_64-pc-linux-gnu --target=x86_64-pc-linux-gnu

## --------- ##
## Platform. ##
## --------- ##

hostname = f29a80703b68
uname -m = x86_64
uname -r = 6.8.0-136-generic
uname -s = Linux
uname -v = #136~22.04.1-Ubuntu SMP PREEMPT_DYNAMIC Fri Jul  3 16:29:11 UTC 

/usr/bin/uname -p = x86_64
/bin/uname -X     = unknown

/bin/arch              = x86_64
/usr/bin/arch -k       = unknown
/usr/convex/getsysinfo = unknown
/usr/bin/hostinfo      = unknown
/bin/machine           = unknown
/usr/bin/oslevel       = unknown
/bin/universe          = unknown

PATH: /usr/local/texlive/2025/bin/x86_64-linux
PATH: /root/.vscode-server/data/User/globalStorage/github.copilot-chat/debugCommand
PATH: /root/.vscode-server/data/User/globalStorage/github.copilot-chat/copilotCli
PATH: /root/.vscode-server/bin/110a328ea54b42367b803ec53ee0bf52ef26b419/bin/remote-cli
PATH: /usr/local/texlive/2025/bin/x86_64-linux
PATH: /usr/local/sbin
PATH: /usr/local/bin
PATH: /usr/sbin
PATH: /usr/bin
PATH: /sbin
PATH: /bin
PATH: /usr/games
PATH: /usr/local/games
PATH: /snap/bin


## ----------- ##
## Core tests. ##
## ----------- ##

configure:2388: creating cache ./config.cache
configure:2549: checking whether to enable maintainer-specific portions of Makefiles
configure:2559: result: no
configure:2579: checking for makeinfo
configure:2606: result: makeinfo --split-size=5000000
configure:2646: checking for perl
configure:2662: found /usr/bin/perl
configure:2673: result: perl
configure:2692: checking build system type
configure:2706: result: x86_64-pc-linux-gnu
configure:2726: checking host system type
configure:2739: result: x86_64-pc-linux-gnu
configure:2764: checking for x86_64-pc-linux-gnu-ar
configure:2791: result: ar --plugin /usr/lib/gcc/x86_64-linux-gnu/9/liblto_plugin.so
configure:2856: checking for x86_64-pc-linux-gnu-ranlib
configure:2883: result: ranlib --plugin /usr/lib/gcc/x86_64-linux-gnu/9/liblto_plugin.so
configure:2946: checking for -plugin option
configure:2964: checking for x86_64-pc-linux-gnu-ar
configure:2991: result: ar --plugin /usr/lib/gcc/x86_64-linux-gnu/9/liblto_plugin.so
configure:3066: result: --plugin /usr/lib/gcc/x86_64-linux-gnu/9/liblto_plugin.so
configure:3106: checking whether to install libiberty headers and static library
configure:3129: result: no
configure:3131: target_header_dir = 
configure:3143: checking for x86_64-pc-linux-gnu-gcc
configure:3170: result: gcc
configure:3439: checking for C compiler version
configure:3448: gcc --version >&5
gcc (Ubuntu 9.4.0-1ubuntu1~20.04.2) 9.4.0
Copyright (C) 2019 Free Software Foundation, Inc.
This is free software; see the source for copying conditions.  There is NO
warranty; not even for MERCHANTABILITY or FITNESS FOR A PARTICULAR PURPOSE.

configure:3459: $? = 0
configure:3448: gcc -v >&5
Using built-in specs.
COLLECT_GCC=gcc
COLLECT_LTO_WRAPPER=/usr/lib/gcc/x86_64-linux-gnu/9/lto-wrapper
OFFLOAD_TARGET_NAMES=nvptx-none:hsa
OFFLOAD_TARGET_DEFAULT=1
Target: x86_64-linux-gnu
Configured with: ../src/configure -v --with-pkgversion='Ubuntu 9.4.0-1ubuntu1~20.04.2' --with-bugurl=file:///usr/share/doc/gcc-9/README.Bugs --enable-languages=c,ada,c++,go,brig,d,fortran,objc,obj-c++,gm2 --prefix=/usr --with-gcc-major-version-only --program-suffix=-9 --program-prefix=x86_64-linux-gnu- --enable-shared --enable-linker-build-id --libexecdir=/usr/lib --without-included-gettext --enable-threads=posix --libdir=/usr/lib --enable-nls --enable-clocale=gnu --enable-libstdcxx-debug --enable-libstdcxx-time=yes --with-default-libstdcxx-abi=new --enable-gnu-unique-object --disable-vtable-verify --enable-plugin --enable-default-pie --with-system-zlib --with-target-system-zlib=auto --enable-objc-gc=auto --enable-multiarch --disable-werror --with-arch-32=i686 --with-abi=m64 --with-multilib-list=m32,m64,mx32 --enable-multilib --with-tune=generic --enable-offload-targets=nvptx-none=/build/gcc-9-9QDOt0/gcc-9-9.4.0/debian/tmp-nvptx/usr,hsa --without-cuda-driver --enable-checking=release --build=x86_64-linux-gnu --host=x86_64-linux-gnu --target=x86_64-linux-gnu
Thread model: posix
gcc version 9.4.0 (Ubuntu 9.4.0-1ubuntu1~20.04.2) 
configure:3459: $? = 0
configure:3448: gcc -V >&5
gcc: error: unrecognized command line option '-V'
gcc: fatal error: no input files
compilation terminated.
configure:3459: $? = 1
configure:3448: gcc -qversion >&5
gcc: error: unrecognized command line option '-qversion'; did you mean '--version'?
gcc: fatal error: no input files
compilation terminated.
configure:3459: $? = 1
configure:3475: gcc -o conftest -g -O2        conftest.c  >&5
configure:3478: $? = 0
configure:3507: checking whether the C compiler works
configure:3529: gcc -g -O2        conftest.c  >&5
configure:3533: $? = 0
configure:3581: result: yes
configure:3584: checking for C compiler default output file name
configure:3586: result: a.out
configure:3592: checking for suffix of executables
configure:3599: gcc -o conftest -g -O2        conftest.c  >&5
configure:3603: $? = 0
configure:3625: result: 
configure:3647: checking whether we are cross compiling
configure:3655: gcc -o conftest -g -O2        conftest.c  >&5
configure:3659: $? = 0
configure:3666: ./conftest
configure:3670: $? = 0
configure:3685: result: no
configure:3658: checking for suffix of object files
configure:3680: gcc -c -g -O2      conftest.c >&5
configure:3684: $? = 0
configure:3705: result: o
configure:3709: checking whether we are using the GNU C compiler
configure:3728: gcc -c -g -O2      conftest.c >&5
configure:3728: $? = 0
configure:3737: result: yes
configure:3746: checking whether gcc accepts -g
configure:3766: gcc -c -g  conftest.c >&5
configure:3766: $? = 0
configure:3807: result: yes
configure:3824: checking for gcc option to accept ISO C89
configure:3887: gcc  -c -g -O2      conftest.c >&5
configure:3887: $? = 0
configure:3900: result: none needed
configure:3926: checking how to run the C preprocessor
configure:3957: gcc -E  conftest.c
configure:3957: $? = 0
configure:3971: gcc -E  conftest.c
conftest.c:9:10: fatal error: ac_nonexistent.h: No such file or directory
    9 | #include <ac_nonexistent.h>
      |          ^~~~~~~~~~~~~~~~~~
compilation terminated.
configure:3971: $? = 1
configure: failed program was:
| /* confdefs.h */
| #define PACKAGE_NAME ""
| #define PACKAGE_TARNAME ""
| #define PACKAGE_VERSION ""
| #define PACKAGE_STRING ""
| #define PACKAGE_BUGREPORT ""
| #define PACKAGE_URL ""
| /* end confdefs.h.  */
| #include <ac_nonexistent.h>
configure:3996: result: gcc -E
configure:4016: gcc -E  conftest.c
configure:4016: $? = 0
configure:4030: gcc -E  conftest.c
conftest.c:9:10: fatal error: ac_nonexistent.h: No such file or directory
    9 | #include <ac_nonexistent.h>
      |          ^~~~~~~~~~~~~~~~~~
compilation terminated.
configure:4030: $? = 1
configure: failed program was:
| /* confdefs.h */
| #define PACKAGE_NAME ""
| #define PACKAGE_TARNAME ""
| #define PACKAGE_VERSION ""
| #define PACKAGE_STRING ""
| #define PACKAGE_BUGREPORT ""
| #define PACKAGE_URL ""
| /* end confdefs.h.  */
| #include <ac_nonexistent.h>
configure:4059: checking for grep that handles long lines and -e
configure:4117: result: /usr/bin/grep
configure:4122: checking for egrep
configure:4184: result: /usr/bin/grep -E
configure:4189: checking for ANSI C header files
configure:4209: gcc -c -g -O2      conftest.c >&5
configure:4209: $? = 0
configure:4282: gcc -o conftest -g -O2        conftest.c  >&5
configure:4282: $? = 0
configure:4282: ./conftest
configure:4282: $? = 0
configure:4293: result: yes
configure:4306: checking for sys/types.h
configure:4306: gcc -c -g -O2      conftest.c >&5
configure:4306: $? = 0
configure:4306: result: yes
configure:4306: checking for sys/stat.h
configure:4306: gcc -c -g -O2      conftest.c >&5
configure:4306: $? = 0
configure:4306: result: yes
configure:4306: checking for stdlib.h
configure:4306: gcc -c -g -O2      conftest.c >&5
configure:4306: $? = 0
configure:4306: result: yes
configure:4306: checking for string.h
configure:4306: gcc -c -g -O2      conftest.c >&5
configure:4306: $? = 0
configure:4306: result: yes
configure:4306: checking for memory.h
configure:4306: gcc -c -g -O2      conftest.c >&5
configure:4306: $? = 0
configure:4306: result: yes
configure:4306: checking for strings.h
configure:4306: gcc -c -g -O2      conftest.c >&5
configure:4306: $? = 0
configure:4306: result: yes
configure:4306: checking for inttypes.h
configure:4306: gcc -c -g -O2      conftest.c >&5
configure:4306: $? = 0
configure:4306: result: yes
configure:4306: checking for stdint.h
configure:4306: gcc -c -g -O2      conftest.c >&5
configure:4306: $? = 0
configure:4306: result: yes
configure:4306: checking for unistd.h
configure:4306: gcc -c -g -O2      conftest.c >&5
configure:4306: $? = 0
configure:4306: result: yes
configure:4319: checking minix/config.h usability
configure:4319: gcc -c -g -O2      conftest.c >&5
conftest.c:52:10: fatal error: minix/config.h: No such file or directory
   52 | #include <minix/config.h>
      |          ^~~~~~~~~~~~~~~~
compilation terminated.
configure:4319: $? = 1
configure: failed program was:
| /* confdefs.h */
| #define PACKAGE_NAME ""
| #define PACKAGE_TARNAME ""
| #define PACKAGE_VERSION ""
| #define PACKAGE_STRING ""
| #define PACKAGE_BUGREPORT ""
| #define PACKAGE_URL ""
| #define STDC_HEADERS 1
| #define HAVE_SYS_TYPES_H 1
| #define HAVE_SYS_STAT_H 1
| #define HAVE_STDLIB_H 1
| #define HAVE_STRING_H 1
| #define HAVE_MEMORY_H 1
| #define HAVE_STRINGS_H 1
| #define HAVE_INTTYPES_H 1
| #define HAVE_STDINT_H 1
| #define HAVE_UNISTD_H 1
| /* end confdefs.h.  */
| #include <stdio.h>
| #ifdef HAVE_SYS_TYPES_H
| # include <sys/types.h>
| #endif
| #ifdef HAVE_SYS_STAT_H
| # include <sys/stat.h>
| #endif
| #ifdef STDC_HEADERS
| # include <stdlib.h>
| # include <stddef.h>
| #else
| # ifdef HAVE_STDLIB_H
| #  include <stdlib.h>
| # endif
| #endif
| #ifdef HAVE_STRING_H
| # if !defined STDC_HEADERS && defined HAVE_MEMORY_H
| #  include <memory.h>
| # endif
| # include <string.h>
| #endif
| #ifdef HAVE_STRINGS_H
| # include <strings.h>
| #endif
| #ifdef HAVE_INTTYPES_H
| # include <inttypes.h>
| #endif
| #ifdef HAVE_STDINT_H
| # include <stdint.h>
| #endif
| #ifdef HAVE_UNISTD_H
| # include <unistd.h>
| #endif
| #include <minix/config.h>
configure:4319: result: no
configure:4319: checking minix/config.h presence
configure:4319: gcc -E  conftest.c
conftest.c:19:10: fatal error: minix/config.h: No such file or directory
   19 | #include <minix/config.h>
      |          ^~~~~~~~~~~~~~~~
compilation terminated.
configure:4319: $? = 1
configure: failed program was:
| /* confdefs.h */
| #define PACKAGE_NAME ""
| #define PACKAGE_TARNAME ""
| #define PACKAGE_VERSION ""
| #define PACKAGE_STRING ""
| #define PACKAGE_BUGREPORT ""
| #define PACKAGE_URL ""
| #define STDC_HEADERS 1
| #define HAVE_SYS_TYPES_H 1
| #define HAVE_SYS_STAT_H 1
| #define HAVE_STDLIB_H 1
| #define HAVE_STRING_H 1
| #define HAVE_MEMORY_H 1
| #define HAVE_STRINGS_H 1
| #define HAVE_INTTYPES_H 1
| #define HAVE_STDINT_H 1
| #define HAVE_UNISTD_H 1
| /* end confdefs.h.  */
| #include <minix/config.h>
configure:4319: result: no
configure:4319: checking for minix/config.h
configure:4319: result: no
configure:4340: checking whether it is safe to define __EXTENSIONS__
configure:4358: gcc -c -g -O2      conftest.c >&5
configure:4358: $? = 0
configure:4365: result: yes
configure:4386: checking for special C compiler options needed for large files
configure:4431: result: no
configure:4437: checking for _FILE_OFFSET_BITS value needed for large files
configure:4462: gcc -c -g -O2      conftest.c >&5
configure:4462: $? = 0
configure:4494: result: no
configure:4601: checking whether gcc supports -W
configure:4618: gcc -c -W  conftest.c >&5
configure:4618: $? = 0
configure:4627: result: yes
configure:4601: checking whether gcc supports -Wall
configure:4618: gcc -c -Wall  conftest.c >&5
configure:4618: $? = 0
configure:4627: result: yes
configure:4601: checking whether gcc supports -Wwrite-strings
configure:4618: gcc -c -Wwrite-strings  conftest.c >&5
configure:4618: $? = 0
configure:4627: result: yes
configure:4601: checking whether gcc supports -Wc++-compat
configure:4618: gcc -c -Wc++-compat  conftest.c >&5
configure:4618: $? = 0
configure:4627: result: yes
configure:4601: checking whether gcc supports -Wstrict-prototypes
configure:4618: gcc -c -Wstrict-prototypes  conftest.c >&5
conftest.c:26:1: warning: function declaration isn't a prototype [-Wstrict-prototypes]
   26 | main ()
      | ^~~~
configure:4618: $? = 0
configure:4627: result: yes
configure:4601: checking whether gcc supports -Wshadow=local
configure:4618: gcc -c -Wshadow=local  conftest.c >&5
configure:4618: $? = 0
configure:4627: result: yes
configure:4650: checking whether gcc supports -pedantic 
configure:4668: gcc -c -pedantic   conftest.c >&5
configure:4668: $? = 0
configure:4676: result: yes
configure:4692: checking whether gcc and cc understand -c and -o together
configure:4723: gcc -c conftest.c -o conftest2.o >&5
configure:4727: $? = 0
configure:4733: gcc -c conftest.c -o conftest2.o >&5
configure:4737: $? = 0
configure:4748: cc -c conftest.c >&5
configure:4752: $? = 0
configure:4760: cc -c conftest.c -o conftest2.o >&5
configure:4764: $? = 0
configure:4770: cc -c conftest.c -o conftest2.o >&5
configure:4774: $? = 0
configure:4792: result: yes
configure:4811: checking for an ANSI C-conforming const
configure:4877: gcc -c -g -O2      conftest.c >&5
configure:4877: $? = 0
configure:4884: result: yes
configure:4892: checking for inline
configure:4908: gcc -c -g -O2      conftest.c >&5
configure:4908: $? = 0
configure:4916: result: inline
configure:4934: checking whether byte ordering is bigendian
configure:4949: gcc -c -g -O2      conftest.c >&5
conftest.c:25:9: error: unknown type name 'not'
   25 |         not a universal capable compiler
      |         ^~~
conftest.c:25:15: error: expected '=', ',', ';', 'asm' or '__attribute__' before 'universal'
   25 |         not a universal capable compiler
      |               ^~~~~~~~~
conftest.c:25:15: error: unknown type name 'universal'
configure:4949: $? = 1
configure: failed program was:
| /* confdefs.h */
| #define PACKAGE_NAME ""
| #define PACKAGE_TARNAME ""
| #define PACKAGE_VERSION ""
| #define PACKAGE_STRING ""
| #define PACKAGE_BUGREPORT ""
| #define PACKAGE_URL ""
| #define STDC_HEADERS 1
| #define HAVE_SYS_TYPES_H 1
| #define HAVE_SYS_STAT_H 1
| #define HAVE_STDLIB_H 1
| #define HAVE_STRING_H 1
| #define HAVE_MEMORY_H 1
| #define HAVE_STRINGS_H 1
| #define HAVE_INTTYPES_H 1
| #define HAVE_STDINT_H 1
| #define HAVE_UNISTD_H 1
| #define __EXTENSIONS__ 1
| #define _ALL_SOURCE 1
| #define _GNU_SOURCE 1
| #define _POSIX_PTHREAD_SEMANTICS 1
| #define _TANDEM_SOURCE 1
| /* end confdefs.h.  */
| #ifndef __APPLE_CC__
| 	       not a universal capable compiler
| 	     #endif
| 	     typedef int dummy;
| 
configure:4994: gcc -c -g -O2      conftest.c >&5
configure:4994: $? = 0
configure:5012: gcc -c -g -O2      conftest.c >&5
conftest.c: In function 'main':
conftest.c:31:4: error: unknown type name 'not'; did you mean 'ino_t'?
   31 |    not big endian
      |    ^~~
      |    ino_t
conftest.c:31:12: error: expected '=', ',', ';', 'asm' or '__attribute__' before 'endian'
   31 |    not big endian
      |            ^~~~~~
configure:5012: $? = 1
configure: failed program was:
| /* confdefs.h */
| #define PACKAGE_NAME ""
| #define PACKAGE_TARNAME ""
| #define PACKAGE_VERSION ""
| #define PACKAGE_STRING ""
| #define PACKAGE_BUGREPORT ""
| #define PACKAGE_URL ""
| #define STDC_HEADERS 1
| #define HAVE_SYS_TYPES_H 1
| #define HAVE_SYS_STAT_H 1
| #define HAVE_STDLIB_H 1
| #define HAVE_STRING_H 1
| #define HAVE_MEMORY_H 1
| #define HAVE_STRINGS_H 1
| #define HAVE_INTTYPES_H 1
| #define HAVE_STDINT_H 1
| #define HAVE_UNISTD_H 1
| #define __EXTENSIONS__ 1
| #define _ALL_SOURCE 1
| #define _GNU_SOURCE 1
| #define _POSIX_PTHREAD_SEMANTICS 1
| #define _TANDEM_SOURCE 1
| /* end confdefs.h.  */
| #include <sys/types.h>
| 		#include <sys/param.h>
| 
| int
| main ()
| {
| #if BYTE_ORDER != BIG_ENDIAN
| 		 not big endian
| 		#endif
| 
|   ;
|   return 0;
| }
configure:5140: result: no
configure:5179: checking for a BSD-compatible install
configure:5247: result: /usr/bin/install -c
configure:5400: checking for CET support
configure:5429: gcc -c -g -O2     -fcf-protection  conftest.c >&5
configure:5429: $? = 0
configure:5498: gcc -o conftest -g -O2     -fcf-protection=none    -Wl,-z,ibt,-z,shstk conftest.c  >&5
configure:5498: $? = 0
configure:5526: gcc -o conftest -g -O2     -fcf-protection=none    -Wl,-z,ibt,-z,shstk conftest.c  >&5
configure:5526: $? = 0
configure:5526: ./conftest
configure:5526: $? = 0
configure:5573: gcc -o conftest -g -O2     -fcf-protection=none    -Wl,-z,ibt,-z,shstk conftest.c  >&5
configure:5573: $? = 0
configure:5573: ./conftest
configure:5573: $? = 0
configure:5594: result: yes
configure:5605: checking target system type
configure:5618: result: x86_64-pc-linux-gnu
configure:5714: checking for sys/file.h
configure:5714: gcc -E  conftest.c
configure:5714: $? = 0
configure:5714: result: yes
configure:5714: checking for sys/param.h
configure:5714: gcc -E  conftest.c
configure:5714: $? = 0
configure:5714: result: yes
configure:5714: checking for limits.h
configure:5714: gcc -E  conftest.c
configure:5714: $? = 0
configure:5714: result: yes
configure:5714: checking for stdlib.h
configure:5714: result: yes
configure:5714: checking for malloc.h
configure:5714: gcc -E  conftest.c
configure:5714: $? = 0
configure:5714: result: yes
configure:5714: checking for string.h
configure:5714: result: yes
configure:5714: checking for unistd.h
configure:5714: result: yes
configure:5714: checking for strings.h
configure:5714: result: yes
configure:5714: checking for sys/time.h
configure:5714: gcc -E  conftest.c
configure:5714: $? = 0
configure:5714: result: yes
configure:5714: checking for time.h
configure:5714: gcc -E  conftest.c
configure:5714: $? = 0
configure:5714: result: yes
configure:5714: checking for sys/resource.h
configure:5714: gcc -E  conftest.c
configure:5714: $? = 0
configure:5714: result: yes
configure:5714: checking for sys/stat.h
configure:5714: result: yes
configure:5714: checking for sys/mman.h
configure:5714: gcc -E  conftest.c
configure:5714: $? = 0
configure:5714: result: yes
configure:5714: checking for fcntl.h
configure:5714: gcc -E  conftest.c
configure:5714: $? = 0
configure:5714: result: yes
configure:5714: checking for alloca.h
configure:5714: gcc -E  conftest.c
configure:5714: $? = 0
configure:5714: result: yes
configure:5714: checking for sys/pstat.h
configure:5714: gcc -E  conftest.c
conftest.c:39:10: fatal error: sys/pstat.h: No such file or directory
   39 | #include <sys/pstat.h>
      |          ^~~~~~~~~~~~~
compilation terminated.
configure:5714: $? = 1
configure: failed program was:
| /* confdefs.h */
| #define PACKAGE_NAME ""
| #define PACKAGE_TARNAME ""
| #define PACKAGE_VERSION ""
| #define PACKAGE_STRING ""
| #define PACKAGE_BUGREPORT ""
| #define PACKAGE_URL ""
| #define STDC_HEADERS 1
| #define HAVE_SYS_TYPES_H 1
| #define HAVE_SYS_STAT_H 1
| #define HAVE_STDLIB_H 1
| #define HAVE_STRING_H 1
| #define HAVE_MEMORY_H 1
| #define HAVE_STRINGS_H 1
| #define HAVE_INTTYPES_H 1
| #define HAVE_STDINT_H 1
| #define HAVE_UNISTD_H 1
| #define __EXTENSIONS__ 1
| #define _ALL_SOURCE 1
| #define _GNU_SOURCE 1
| #define _POSIX_PTHREAD_SEMANTICS 1
| #define _TANDEM_SOURCE 1
| #define HAVE_SYS_FILE_H 1
| #define HAVE_SYS_PARAM_H 1
| #define HAVE_LIMITS_H 1
| #define HAVE_STDLIB_H 1
| #define HAVE_MALLOC_H 1
| #define HAVE_STRING_H 1
| #define HAVE_UNISTD_H 1
| #define HAVE_STRINGS_H 1
| #define HAVE_SYS_TIME_H 1
| #define HAVE_TIME_H 1
| #define HAVE_SYS_RESOURCE_H 1
| #define HAVE_SYS_STAT_H 1
| #define HAVE_SYS_MMAN_H 1
| #define HAVE_FCNTL_H 1
| #define HAVE_ALLOCA_H 1
| /* end confdefs.h.  */
| #include <sys/pstat.h>
configure:5714: result: no
configure:5714: checking for sys/sysmp.h
configure:5714: gcc -E  conftest.c
conftest.c:39:10: fatal error: sys/sysmp.h: No such file or directory
   39 | #include <sys/sysmp.h>
      |          ^~~~~~~~~~~~~
compilation terminated.
configure:5714: $? = 1
configure: failed program was:
| /* confdefs.h */
| #define PACKAGE_NAME ""
| #define PACKAGE_TARNAME ""
| #define PACKAGE_VERSION ""
| #define PACKAGE_STRING ""
| #define PACKAGE_BUGREPORT ""
| #define PACKAGE_URL ""
| #define STDC_HEADERS 1
| #define HAVE_SYS_TYPES_H 1
| #define HAVE_SYS_STAT_H 1
| #define HAVE_STDLIB_H 1
| #define HAVE_STRING_H 1
| #define HAVE_MEMORY_H 1
| #define HAVE_STRINGS_H 1
| #define HAVE_INTTYPES_H 1
| #define HAVE_STDINT_H 1
| #define HAVE_UNISTD_H 1
| #define __EXTENSIONS__ 1
| #define _ALL_SOURCE 1
| #define _GNU_SOURCE 1
| #define _POSIX_PTHREAD_SEMANTICS 1
| #define _TANDEM_SOURCE 1
| #define HAVE_SYS_FILE_H 1
| #define HAVE_SYS_PARAM_H 1
| #define HAVE_LIMITS_H 1
| #define HAVE_STDLIB_H 1
| #define HAVE_MALLOC_H 1
| #define HAVE_STRING_H 1
| #define HAVE_UNISTD_H 1
| #define HAVE_STRINGS_H 1
| #define HAVE_SYS_TIME_H 1
| #define HAVE_TIME_H 1
| #define HAVE_SYS_RESOURCE_H 1
| #define HAVE_SYS_STAT_H 1
| #define HAVE_SYS_MMAN_H 1
| #define HAVE_FCNTL_H 1
| #define HAVE_ALLOCA_H 1
| /* end confdefs.h.  */
| #include <sys/sysmp.h>
configure:5714: result: no
configure:5714: checking for sys/sysinfo.h
configure:5714: gcc -E  conftest.c
configure:5714: $? = 0
configure:5714: result: yes
configure:5714: checking for machine/hal_sysinfo.h
configure:5714: gcc -E  conftest.c
conftest.c:40:10: fatal error: machine/hal_sysinfo.h: No such file or directory
   40 | #include <machine/hal_sysinfo.h>
      |          ^~~~~~~~~~~~~~~~~~~~~~~
compilation terminated.
configure:5714: $? = 1
configure: failed program was:
| /* confdefs.h */
| #define PACKAGE_NAME ""
| #define PACKAGE_TARNAME ""
| #define PACKAGE_VERSION ""
| #define PACKAGE_STRING ""
| #define PACKAGE_BUGREPORT ""
| #define PACKAGE_URL ""
| #define STDC_HEADERS 1
| #define HAVE_SYS_TYPES_H 1
| #define HAVE_SYS_STAT_H 1
| #define HAVE_STDLIB_H 1
| #define HAVE_STRING_H 1
| #define HAVE_MEMORY_H 1
| #define HAVE_STRINGS_H 1
| #define HAVE_INTTYPES_H 1
| #define HAVE_STDINT_H 1
| #define HAVE_UNISTD_H 1
| #define __EXTENSIONS__ 1
| #define _ALL_SOURCE 1
| #define _GNU_SOURCE 1
| #define _POSIX_PTHREAD_SEMANTICS 1
| #define _TANDEM_SOURCE 1
| #define HAVE_SYS_FILE_H 1
| #define HAVE_SYS_PARAM_H 1
| #define HAVE_LIMITS_H 1
| #define HAVE_STDLIB_H 1
| #define HAVE_MALLOC_H 1
| #define HAVE_STRING_H 1
| #define HAVE_UNISTD_H 1
| #define HAVE_STRINGS_H 1
| #define HAVE_SYS_TIME_H 1
| #define HAVE_TIME_H 1
| #define HAVE_SYS_RESOURCE_H 1
| #define HAVE_SYS_STAT_H 1
| #define HAVE_SYS_MMAN_H 1
| #define HAVE_FCNTL_H 1
| #define HAVE_ALLOCA_H 1
| #define HAVE_SYS_SYSINFO_H 1
| /* end confdefs.h.  */
| #include <machine/hal_sysinfo.h>
configure:5714: result: no
configure:5714: checking for sys/table.h
configure:5714: gcc -E  conftest.c
conftest.c:40:10: fatal error: sys/table.h: No such file or directory
   40 | #include <sys/table.h>
      |          ^~~~~~~~~~~~~
compilation terminated.
configure:5714: $? = 1
configure: failed program was:
| /* confdefs.h */
| #define PACKAGE_NAME ""
| #define PACKAGE_TARNAME ""
| #define PACKAGE_VERSION ""
| #define PACKAGE_STRING ""
| #define PACKAGE_BUGREPORT ""
| #define PACKAGE_URL ""
| #define STDC_HEADERS 1
| #define HAVE_SYS_TYPES_H 1
| #define HAVE_SYS_STAT_H 1
| #define HAVE_STDLIB_H 1
| #define HAVE_STRING_H 1
| #define HAVE_MEMORY_H 1
| #define HAVE_STRINGS_H 1
| #define HAVE_INTTYPES_H 1
| #define HAVE_STDINT_H 1
| #define HAVE_UNISTD_H 1
| #define __EXTENSIONS__ 1
| #define _ALL_SOURCE 1
| #define _GNU_SOURCE 1
| #define _POSIX_PTHREAD_SEMANTICS 1
| #define _TANDEM_SOURCE 1
| #define HAVE_SYS_FILE_H 1
| #define HAVE_SYS_PARAM_H 1
| #define HAVE_LIMITS_H 1
| #define HAVE_STDLIB_H 1
| #define HAVE_MALLOC_H 1
| #define HAVE_STRING_H 1
| #define HAVE_UNISTD_H 1
| #define HAVE_STRINGS_H 1
| #define HAVE_SYS_TIME_H 1
| #define HAVE_TIME_H 1
| #define HAVE_SYS_RESOURCE_H 1
| #define HAVE_SYS_STAT_H 1
| #define HAVE_SYS_MMAN_H 1
| #define HAVE_FCNTL_H 1
| #define HAVE_ALLOCA_H 1
| #define HAVE_SYS_SYSINFO_H 1
| /* end confdefs.h.  */
| #include <sys/table.h>
configure:5714: result: no
configure:5714: checking for sys/sysctl.h
configure:5714: gcc -E  conftest.c
In file included from conftest.c:40:
/usr/include/x86_64-linux-gnu/sys/sysctl.h:21:2: warning: #warning "The <sys/sysctl.h> header is deprecated and will be removed." [-Wcpp]
   21 | #warning "The <sys/sysctl.h> header is deprecated and will be removed."
      |  ^~~~~~~
configure:5714: $? = 0
configure: failed program was:
| /* confdefs.h */
| #define PACKAGE_NAME ""
| #define PACKAGE_TARNAME ""
| #define PACKAGE_VERSION ""
| #define PACKAGE_STRING ""
| #define PACKAGE_BUGREPORT ""
| #define PACKAGE_URL ""
| #define STDC_HEADERS 1
| #define HAVE_SYS_TYPES_H 1
| #define HAVE_SYS_STAT_H 1
| #define HAVE_STDLIB_H 1
| #define HAVE_STRING_H 1
| #define HAVE_MEMORY_H 1
| #define HAVE_STRINGS_H 1
| #define HAVE_INTTYPES_H 1
| #define HAVE_STDINT_H 1
| #define HAVE_UNISTD_H 1
| #define __EXTENSIONS__ 1
| #define _ALL_SOURCE 1
| #define _GNU_SOURCE 1
| #define _POSIX_PTHREAD_SEMANTICS 1
| #define _TANDEM_SOURCE 1
| #define HAVE_SYS_FILE_H 1
| #define HAVE_SYS_PARAM_H 1
| #define HAVE_LIMITS_H 1
| #define HAVE_STDLIB_H 1
| #define HAVE_MALLOC_H 1
| #define HAVE_STRING_H 1
| #define HAVE_UNISTD_H 1
| #define HAVE_STRINGS_H 1
| #define HAVE_SYS_TIME_H 1
| #define HAVE_TIME_H 1
| #define HAVE_SYS_RESOURCE_H 1
| #define HAVE_SYS_STAT_H 1
| #define HAVE_SYS_MMAN_H 1
| #define HAVE_FCNTL_H 1
| #define HAVE_ALLOCA_H 1
| #define HAVE_SYS_SYSINFO_H 1
| /* end confdefs.h.  */
| #include <sys/sysctl.h>
configure:5714: result: no
configure:5714: checking for sys/systemcfg.h
configure:5714: gcc -E  conftest.c
conftest.c:40:10: fatal error: sys/systemcfg.h: No such file or directory
   40 | #include <sys/systemcfg.h>
      |          ^~~~~~~~~~~~~~~~~
compilation terminated.
configure:5714: $? = 1
configure: failed program was:
| /* confdefs.h */
| #define PACKAGE_NAME ""
| #define PACKAGE_TARNAME ""
| #define PACKAGE_VERSION ""
| #define PACKAGE_STRING ""
| #define PACKAGE_BUGREPORT ""
| #define PACKAGE_URL ""
| #define STDC_HEADERS 1
| #define HAVE_SYS_TYPES_H 1
| #define HAVE_SYS_STAT_H 1
| #define HAVE_STDLIB_H 1
| #define HAVE_STRING_H 1
| #define HAVE_MEMORY_H 1
| #define HAVE_STRINGS_H 1
| #define HAVE_INTTYPES_H 1
| #define HAVE_STDINT_H 1
| #define HAVE_UNISTD_H 1
| #define __EXTENSIONS__ 1
| #define _ALL_SOURCE 1
| #define _GNU_SOURCE 1
| #define _POSIX_PTHREAD_SEMANTICS 1
| #define _TANDEM_SOURCE 1
| #define HAVE_SYS_FILE_H 1
| #define HAVE_SYS_PARAM_H 1
| #define HAVE_LIMITS_H 1
| #define HAVE_STDLIB_H 1
| #define HAVE_MALLOC_H 1
| #define HAVE_STRING_H 1
| #define HAVE_UNISTD_H 1
| #define HAVE_STRINGS_H 1
| #define HAVE_SYS_TIME_H 1
| #define HAVE_TIME_H 1
| #define HAVE_SYS_RESOURCE_H 1
| #define HAVE_SYS_STAT_H 1
| #define HAVE_SYS_MMAN_H 1
| #define HAVE_FCNTL_H 1
| #define HAVE_ALLOCA_H 1
| #define HAVE_SYS_SYSINFO_H 1
| /* end confdefs.h.  */
| #include <sys/systemcfg.h>
configure:5714: result: no
configure:5714: checking for stdint.h
configure:5714: result: yes
configure:5714: checking for stdio_ext.h
configure:5714: gcc -E  conftest.c
configure:5714: $? = 0
configure:5714: result: yes
configure:5714: checking for process.h
configure:5714: gcc -E  conftest.c
conftest.c:42:10: fatal error: process.h: No such file or directory
   42 | #include <process.h>
      |          ^~~~~~~~~~~
compilation terminated.
configure:5714: $? = 1
configure: failed program was:
| /* confdefs.h */
| #define PACKAGE_NAME ""
| #define PACKAGE_TARNAME ""
| #define PACKAGE_VERSION ""
| #define PACKAGE_STRING ""
| #define PACKAGE_BUGREPORT ""
| #define PACKAGE_URL ""
| #define STDC_HEADERS 1
| #define HAVE_SYS_TYPES_H 1
| #define HAVE_SYS_STAT_H 1
| #define HAVE_STDLIB_H 1
| #define HAVE_STRING_H 1
| #define HAVE_MEMORY_H 1
| #define HAVE_STRINGS_H 1
| #define HAVE_INTTYPES_H 1
| #define HAVE_STDINT_H 1
| #define HAVE_UNISTD_H 1
| #define __EXTENSIONS__ 1
| #define _ALL_SOURCE 1
| #define _GNU_SOURCE 1
| #define _POSIX_PTHREAD_SEMANTICS 1
| #define _TANDEM_SOURCE 1
| #define HAVE_SYS_FILE_H 1
| #define HAVE_SYS_PARAM_H 1
| #define HAVE_LIMITS_H 1
| #define HAVE_STDLIB_H 1
| #define HAVE_MALLOC_H 1
| #define HAVE_STRING_H 1
| #define HAVE_UNISTD_H 1
| #define HAVE_STRINGS_H 1
| #define HAVE_SYS_TIME_H 1
| #define HAVE_TIME_H 1
| #define HAVE_SYS_RESOURCE_H 1
| #define HAVE_SYS_STAT_H 1
| #define HAVE_SYS_MMAN_H 1
| #define HAVE_FCNTL_H 1
| #define HAVE_ALLOCA_H 1
| #define HAVE_SYS_SYSINFO_H 1
| #define HAVE_STDINT_H 1
| #define HAVE_STDIO_EXT_H 1
| /* end confdefs.h.  */
| #include <process.h>
configure:5714: result: no
configure:5714: checking for sys/prctl.h
configure:5714: gcc -E  conftest.c
configure:5714: $? = 0
configure:5714: result: yes
configure:5714: checking for spawn.h
configure:5714: gcc -E  conftest.c
configure:5714: $? = 0
configure:5714: result: yes
configure:5723: checking for sys/wait.h that is POSIX.1 compatible
configure:5749: gcc -c -g -O2      conftest.c >&5
configure:5749: $? = 0
configure:5756: result: yes
configure:5764: checking whether time.h and sys/time.h may both be included
configure:5784: gcc -c -g -O2      conftest.c >&5
configure:5784: $? = 0
configure:5791: result: yes
configure:5800: checking whether errno must be declared
configure:5816: gcc -c -g -O2      conftest.c >&5
configure:5816: $? = 0
configure:5823: result: no
configure:5837: checking size of int
configure:5842: gcc -o conftest -g -O2        conftest.c  >&5
configure:5842: $? = 0
configure:5842: ./conftest
configure:5842: $? = 0
configure:5856: result: 4
configure:5870: checking size of long
configure:5875: gcc -o conftest -g -O2        conftest.c  >&5
configure:5875: $? = 0
configure:5875: ./conftest
configure:5875: $? = 0
configure:5889: result: 8
configure:5903: checking size of size_t
configure:5908: gcc -o conftest -g -O2        conftest.c  >&5
configure:5908: $? = 0
configure:5908: ./conftest
configure:5908: $? = 0
configure:5922: result: 8
configure:5934: checking for long long
configure:5934: gcc -c -g -O2      conftest.c >&5
configure:5934: $? = 0
configure:5934: gcc -c -g -O2      conftest.c >&5
conftest.c: In function 'main':
conftest.c:85:24: error: expected expression before ')' token
   85 | if (sizeof ((long long)))
      |                        ^
configure:5934: $? = 1
configure: failed program was:
| /* confdefs.h */
| #define PACKAGE_NAME ""
| #define PACKAGE_TARNAME ""
| #define PACKAGE_VERSION ""
| #define PACKAGE_STRING ""
| #define PACKAGE_BUGREPORT ""
| #define PACKAGE_URL ""
| #define STDC_HEADERS 1
| #define HAVE_SYS_TYPES_H 1
| #define HAVE_SYS_STAT_H 1
| #define HAVE_STDLIB_H 1
| #define HAVE_STRING_H 1
| #define HAVE_MEMORY_H 1
| #define HAVE_STRINGS_H 1
| #define HAVE_INTTYPES_H 1
| #define HAVE_STDINT_H 1
| #define HAVE_UNISTD_H 1
| #define __EXTENSIONS__ 1
| #define _ALL_SOURCE 1
| #define _GNU_SOURCE 1
| #define _POSIX_PTHREAD_SEMANTICS 1
| #define _TANDEM_SOURCE 1
| #define HAVE_SYS_FILE_H 1
| #define HAVE_SYS_PARAM_H 1
| #define HAVE_LIMITS_H 1
| #define HAVE_STDLIB_H 1
| #define HAVE_MALLOC_H 1
| #define HAVE_STRING_H 1
| #define HAVE_UNISTD_H 1
| #define HAVE_STRINGS_H 1
| #define HAVE_SYS_TIME_H 1
| #define HAVE_TIME_H 1
| #define HAVE_SYS_RESOURCE_H 1
| #define HAVE_SYS_STAT_H 1
| #define HAVE_SYS_MMAN_H 1
| #define HAVE_FCNTL_H 1
| #define HAVE_ALLOCA_H 1
| #define HAVE_SYS_SYSINFO_H 1
| #define HAVE_STDINT_H 1
| #define HAVE_STDIO_EXT_H 1
| #define HAVE_SYS_PRCTL_H 1
| #define HAVE_SPAWN_H 1
| #define HAVE_SYS_WAIT_H 1
| #define TIME_WITH_SYS_TIME 1
| #define SIZEOF_INT 4
| #define SIZEOF_LONG 8
| #define SIZEOF_SIZE_T 8
| /* end confdefs.h.  */
| #include <stdio.h>
| #ifdef HAVE_SYS_TYPES_H
| # include <sys/types.h>
| #endif
| #ifdef HAVE_SYS_STAT_H
| # include <sys/stat.h>
| #endif
| #ifdef STDC_HEADERS
| # include <stdlib.h>
| # include <stddef.h>
| #else
| # ifdef HAVE_STDLIB_H
| #  include <stdlib.h>
| # endif
| #endif
| #ifdef HAVE_STRING_H
| # if !defined STDC_HEADERS && defined HAVE_MEMORY_H
| #  include <memory.h>
| # endif
| # include <string.h>
| #endif
| #ifdef HAVE_STRINGS_H
| # include <strings.h>
| #endif
| #ifdef HAVE_INTTYPES_H
| # include <inttypes.h>
| #endif
| #ifdef HAVE_STDINT_H
| # include <stdint.h>
| #endif
| #ifdef HAVE_UNISTD_H
| # include <unistd.h>
| #endif
| int
| main ()
| {
| if (sizeof ((long long)))
| 	    return 0;
|   ;
|   return 0;
| }
configure:5934: result: yes
configure:5942: checking size of long long
configure:5947: gcc -o conftest -g -O2        conftest.c  >&5
configure:5947: $? = 0
configure:5947: ./conftest
configure:5947: $? = 0
configure:5961: result: 8
configure:5975: checking for a 64-bit type
configure:5993: gcc -c -g -O2      conftest.c >&5
configure:5993: $? = 0
configure:6043: result: uint64_t
configure:6054: checking for intptr_t
configure:6054: gcc -c -g -O2      conftest.c >&5
configure:6054: $? = 0
configure:6054: gcc -c -g -O2      conftest.c >&5
conftest.c: In function 'main':
conftest.c:88:23: error: expected expression before ')' token
   88 | if (sizeof ((intptr_t)))
      |                       ^
configure:6054: $? = 1
configure: failed program was:
| /* confdefs.h */
| #define PACKAGE_NAME ""
| #define PACKAGE_TARNAME ""
| #define PACKAGE_VERSION ""
| #define PACKAGE_STRING ""
| #define PACKAGE_BUGREPORT ""
| #define PACKAGE_URL ""
| #define STDC_HEADERS 1
| #define HAVE_SYS_TYPES_H 1
| #define HAVE_SYS_STAT_H 1
| #define HAVE_STDLIB_H 1
| #define HAVE_STRING_H 1
| #define HAVE_MEMORY_H 1
| #define HAVE_STRINGS_H 1
| #define HAVE_INTTYPES_H 1
| #define HAVE_STDINT_H 1
| #define HAVE_UNISTD_H 1
| #define __EXTENSIONS__ 1
| #define _ALL_SOURCE 1
| #define _GNU_SOURCE 1
| #define _POSIX_PTHREAD_SEMANTICS 1
| #define _TANDEM_SOURCE 1
| #define HAVE_SYS_FILE_H 1
| #define HAVE_SYS_PARAM_H 1
| #define HAVE_LIMITS_H 1
| #define HAVE_STDLIB_H 1
| #define HAVE_MALLOC_H 1
| #define HAVE_STRING_H 1
| #define HAVE_UNISTD_H 1
| #define HAVE_STRINGS_H 1
| #define HAVE_SYS_TIME_H 1
| #define HAVE_TIME_H 1
| #define HAVE_SYS_RESOURCE_H 1
| #define HAVE_SYS_STAT_H 1
| #define HAVE_SYS_MMAN_H 1
| #define HAVE_FCNTL_H 1
| #define HAVE_ALLOCA_H 1
| #define HAVE_SYS_SYSINFO_H 1
| #define HAVE_STDINT_H 1
| #define HAVE_STDIO_EXT_H 1
| #define HAVE_SYS_PRCTL_H 1
| #define HAVE_SPAWN_H 1
| #define HAVE_SYS_WAIT_H 1
| #define TIME_WITH_SYS_TIME 1
| #define SIZEOF_INT 4
| #define SIZEOF_LONG 8
| #define SIZEOF_SIZE_T 8
| #define HAVE_LONG_LONG 1
| #define SIZEOF_LONG_LONG 8
| #define UNSIGNED_64BIT_TYPE uint64_t
| /* end confdefs.h.  */
| #include <stdio.h>
| #ifdef HAVE_SYS_TYPES_H
| # include <sys/types.h>
| #endif
| #ifdef HAVE_SYS_STAT_H
| # include <sys/stat.h>
| #endif
| #ifdef STDC_HEADERS
| # include <stdlib.h>
| # include <stddef.h>
| #else
| # ifdef HAVE_STDLIB_H
| #  include <stdlib.h>
| # endif
| #endif
| #ifdef HAVE_STRING_H
| # if !defined STDC_HEADERS && defined HAVE_MEMORY_H
| #  include <memory.h>
| # endif
| # include <string.h>
| #endif
| #ifdef HAVE_STRINGS_H
| # include <strings.h>
| #endif
| #ifdef HAVE_INTTYPES_H
| # include <inttypes.h>
| #endif
| #ifdef HAVE_STDINT_H
| # include <stdint.h>
| #endif
| #ifdef HAVE_UNISTD_H
| # include <unistd.h>
| #endif
| int
| main ()
| {
| if (sizeof ((intptr_t)))
| 	    return 0;
|   ;
|   return 0;
| }
configure:6054: result: yes
configure:6090: checking for uintptr_t
configure:6090: gcc -c -g -O2      conftest.c >&5
configure:6090: $? = 0
configure:6090: gcc -c -g -O2      conftest.c >&5
conftest.c: In function 'main':
conftest.c:89:24: error: expected expression before ')' token
   89 | if (sizeof ((uintptr_t)))
      |                        ^
configure:6090: $? = 1
configure: failed program was:
| /* confdefs.h */
| #define PACKAGE_NAME ""
| #define PACKAGE_TARNAME ""
| #define PACKAGE_VERSION ""
| #define PACKAGE_STRING ""
| #define PACKAGE_BUGREPORT ""
| #define PACKAGE_URL ""
| #define STDC_HEADERS 1
| #define HAVE_SYS_TYPES_H 1
| #define HAVE_SYS_STAT_H 1
| #define HAVE_STDLIB_H 1
| #define HAVE_STRING_H 1
| #define HAVE_MEMORY_H 1
| #define HAVE_STRINGS_H 1
| #define HAVE_INTTYPES_H 1
| #define HAVE_STDINT_H 1
| #define HAVE_UNISTD_H 1
| #define __EXTENSIONS__ 1
| #define _ALL_SOURCE 1
| #define _GNU_SOURCE 1
| #define _POSIX_PTHREAD_SEMANTICS 1
| #define _TANDEM_SOURCE 1
| #define HAVE_SYS_FILE_H 1
| #define HAVE_SYS_PARAM_H 1
| #define HAVE_LIMITS_H 1
| #define HAVE_STDLIB_H 1
| #define HAVE_MALLOC_H 1
| #define HAVE_STRING_H 1
| #define HAVE_UNISTD_H 1
| #define HAVE_STRINGS_H 1
| #define HAVE_SYS_TIME_H 1
| #define HAVE_TIME_H 1
| #define HAVE_SYS_RESOURCE_H 1
| #define HAVE_SYS_STAT_H 1
| #define HAVE_SYS_MMAN_H 1
| #define HAVE_FCNTL_H 1
| #define HAVE_ALLOCA_H 1
| #define HAVE_SYS_SYSINFO_H 1
| #define HAVE_STDINT_H 1
| #define HAVE_STDIO_EXT_H 1
| #define HAVE_SYS_PRCTL_H 1
| #define HAVE_SPAWN_H 1
| #define HAVE_SYS_WAIT_H 1
| #define TIME_WITH_SYS_TIME 1
| #define SIZEOF_INT 4
| #define SIZEOF_LONG 8
| #define SIZEOF_SIZE_T 8
| #define HAVE_LONG_LONG 1
| #define SIZEOF_LONG_LONG 8
| #define UNSIGNED_64BIT_TYPE uint64_t
| #define HAVE_INTPTR_T 1
| /* end confdefs.h.  */
| #include <stdio.h>
| #ifdef HAVE_SYS_TYPES_H
| # include <sys/types.h>
| #endif
| #ifdef HAVE_SYS_STAT_H
| # include <sys/stat.h>
| #endif
| #ifdef STDC_HEADERS
| # include <stdlib.h>
| # include <stddef.h>
| #else
| # ifdef HAVE_STDLIB_H
| #  include <stdlib.h>
| # endif
| #endif
| #ifdef HAVE_STRING_H
| # if !defined STDC_HEADERS && defined HAVE_MEMORY_H
| #  include <memory.h>
| # endif
| # include <string.h>
| #endif
| #ifdef HAVE_STRINGS_H
| # include <strings.h>
| #endif
| #ifdef HAVE_INTTYPES_H
| # include <inttypes.h>
| #endif
| #ifdef HAVE_STDINT_H
| # include <stdint.h>
| #endif
| #ifdef HAVE_UNISTD_H
| # include <unistd.h>
| #endif
| int
| main ()
| {
| if (sizeof ((uintptr_t)))
| 	    return 0;
|   ;
|   return 0;
| }
configure:6090: result: yes
configure:6126: checking for ssize_t
configure:6126: gcc -c -g -O2      conftest.c >&5
configure:6126: $? = 0
configure:6126: gcc -c -g -O2      conftest.c >&5
conftest.c: In function 'main':
conftest.c:90:22: error: expected expression before ')' token
   90 | if (sizeof ((ssize_t)))
      |                      ^
configure:6126: $? = 1
configure: failed program was:
| /* confdefs.h */
| #define PACKAGE_NAME ""
| #define PACKAGE_TARNAME ""
| #define PACKAGE_VERSION ""
| #define PACKAGE_STRING ""
| #define PACKAGE_BUGREPORT ""
| #define PACKAGE_URL ""
| #define STDC_HEADERS 1
| #define HAVE_SYS_TYPES_H 1
| #define HAVE_SYS_STAT_H 1
| #define HAVE_STDLIB_H 1
| #define HAVE_STRING_H 1
| #define HAVE_MEMORY_H 1
| #define HAVE_STRINGS_H 1
| #define HAVE_INTTYPES_H 1
| #define HAVE_STDINT_H 1
| #define HAVE_UNISTD_H 1
| #define __EXTENSIONS__ 1
| #define _ALL_SOURCE 1
| #define _GNU_SOURCE 1
| #define _POSIX_PTHREAD_SEMANTICS 1
| #define _TANDEM_SOURCE 1
| #define HAVE_SYS_FILE_H 1
| #define HAVE_SYS_PARAM_H 1
| #define HAVE_LIMITS_H 1
| #define HAVE_STDLIB_H 1
| #define HAVE_MALLOC_H 1
| #define HAVE_STRING_H 1
| #define HAVE_UNISTD_H 1
| #define HAVE_STRINGS_H 1
| #define HAVE_SYS_TIME_H 1
| #define HAVE_TIME_H 1
| #define HAVE_SYS_RESOURCE_H 1
| #define HAVE_SYS_STAT_H 1
| #define HAVE_SYS_MMAN_H 1
| #define HAVE_FCNTL_H 1
| #define HAVE_ALLOCA_H 1
| #define HAVE_SYS_SYSINFO_H 1
| #define HAVE_STDINT_H 1
| #define HAVE_STDIO_EXT_H 1
| #define HAVE_SYS_PRCTL_H 1
| #define HAVE_SPAWN_H 1
| #define HAVE_SYS_WAIT_H 1
| #define TIME_WITH_SYS_TIME 1
| #define SIZEOF_INT 4
| #define SIZEOF_LONG 8
| #define SIZEOF_SIZE_T 8
| #define HAVE_LONG_LONG 1
| #define SIZEOF_LONG_LONG 8
| #define UNSIGNED_64BIT_TYPE uint64_t
| #define HAVE_INTPTR_T 1
| #define HAVE_UINTPTR_T 1
| /* end confdefs.h.  */
| #include <stdio.h>
| #ifdef HAVE_SYS_TYPES_H
| # include <sys/types.h>
| #endif
| #ifdef HAVE_SYS_STAT_H
| # include <sys/stat.h>
| #endif
| #ifdef STDC_HEADERS
| # include <stdlib.h>
| # include <stddef.h>
| #else
| # ifdef HAVE_STDLIB_H
| #  include <stdlib.h>
| # endif
| #endif
| #ifdef HAVE_STRING_H
| # if !defined STDC_HEADERS && defined HAVE_MEMORY_H
| #  include <memory.h>
| # endif
| # include <string.h>
| #endif
| #ifdef HAVE_STRINGS_H
| # include <strings.h>
| #endif
| #ifdef HAVE_INTTYPES_H
| # include <inttypes.h>
| #endif
| #ifdef HAVE_STDINT_H
| # include <stdint.h>
| #endif
| #ifdef HAVE_UNISTD_H
| # include <unistd.h>
| #endif
| int
| main ()
| {
| if (sizeof ((ssize_t)))
| 	    return 0;
|   ;
|   return 0;
| }
configure:6126: result: yes
configure:6145: checking for pid_t
configure:6145: gcc -c -g -O2      conftest.c >&5
configure:6145: $? = 0
configure:6145: gcc -c -g -O2      conftest.c >&5
conftest.c: In function 'main':
conftest.c:91:20: error: expected expression before ')' token
   91 | if (sizeof ((pid_t)))
      |                    ^
configure:6145: $? = 1
configure: failed program was:
| /* confdefs.h */
| #define PACKAGE_NAME ""
| #define PACKAGE_TARNAME ""
| #define PACKAGE_VERSION ""
| #define PACKAGE_STRING ""
| #define PACKAGE_BUGREPORT ""
| #define PACKAGE_URL ""
| #define STDC_HEADERS 1
| #define HAVE_SYS_TYPES_H 1
| #define HAVE_SYS_STAT_H 1
| #define HAVE_STDLIB_H 1
| #define HAVE_STRING_H 1
| #define HAVE_MEMORY_H 1
| #define HAVE_STRINGS_H 1
| #define HAVE_INTTYPES_H 1
| #define HAVE_STDINT_H 1
| #define HAVE_UNISTD_H 1
| #define __EXTENSIONS__ 1
| #define _ALL_SOURCE 1
| #define _GNU_SOURCE 1
| #define _POSIX_PTHREAD_SEMANTICS 1
| #define _TANDEM_SOURCE 1
| #define HAVE_SYS_FILE_H 1
| #define HAVE_SYS_PARAM_H 1
| #define HAVE_LIMITS_H 1
| #define HAVE_STDLIB_H 1
| #define HAVE_MALLOC_H 1
| #define HAVE_STRING_H 1
| #define HAVE_UNISTD_H 1
| #define HAVE_STRINGS_H 1
| #define HAVE_SYS_TIME_H 1
| #define HAVE_TIME_H 1
| #define HAVE_SYS_RESOURCE_H 1
| #define HAVE_SYS_STAT_H 1
| #define HAVE_SYS_MMAN_H 1
| #define HAVE_FCNTL_H 1
| #define HAVE_ALLOCA_H 1
| #define HAVE_SYS_SYSINFO_H 1
| #define HAVE_STDINT_H 1
| #define HAVE_STDIO_EXT_H 1
| #define HAVE_SYS_PRCTL_H 1
| #define HAVE_SPAWN_H 1
| #define HAVE_SYS_WAIT_H 1
| #define TIME_WITH_SYS_TIME 1
| #define SIZEOF_INT 4
| #define SIZEOF_LONG 8
| #define SIZEOF_SIZE_T 8
| #define HAVE_LONG_LONG 1
| #define SIZEOF_LONG_LONG 8
| #define UNSIGNED_64BIT_TYPE uint64_t
| #define HAVE_INTPTR_T 1
| #define HAVE_UINTPTR_T 1
| #define HAVE_UINTPTR_T 1
| /* end confdefs.h.  */
| #include <stdio.h>
| #ifdef HAVE_SYS_TYPES_H
| # include <sys/types.h>
| #endif
| #ifdef HAVE_SYS_STAT_H
| # include <sys/stat.h>
| #endif
| #ifdef STDC_HEADERS
| # include <stdlib.h>
| # include <stddef.h>
| #else
| # ifdef HAVE_STDLIB_H
| #  include <stdlib.h>
| # endif
| #endif
| #ifdef HAVE_STRING_H
| # if !defined STDC_HEADERS && defined HAVE_MEMORY_H
| #  include <memory.h>
| # endif
| # include <string.h>
| #endif
| #ifdef HAVE_STRINGS_H
| # include <strings.h>
| #endif
| #ifdef HAVE_INTTYPES_H
| # include <inttypes.h>
| #endif
| #ifdef HAVE_STDINT_H
| # include <stdint.h>
| #endif
| #ifdef HAVE_UNISTD_H
| # include <unistd.h>
| #endif
| int
| main ()
| {
| if (sizeof ((pid_t)))
| 	    return 0;
|   ;
|   return 0;
| }
configure:6145: result: yes
configure:6852: checking for library containing strerror
configure:6886: gcc -o conftest -g -O2        conftest.c  >&5
configure:6886: $? = 0
configure:6903: result: none required
configure:6914: checking for asprintf
configure:6914: gcc -o conftest -g -O2        conftest.c  >&5
configure:6914: $? = 0
configure:6914: result: yes
configure:6914: checking for atexit
configure:6914: gcc -o conftest -g -O2        conftest.c  >&5
configure:6914: $? = 0
configure:6914: result: yes
configure:6914: checking for basename
configure:6914: gcc -o conftest -g -O2        conftest.c  >&5
configure:6914: $? = 0
configure:6914: result: yes
configure:6914: checking for bcmp
configure:6914: gcc -o conftest -g -O2        conftest.c  >&5
conftest.c:81:6: warning: conflicting types for built-in function 'bcmp'; expected 'int(const void *, const void *, long unsigned int)' [-Wbuiltin-declaration-mismatch]
   81 | char bcmp ();
      |      ^~~~
configure:6914: $? = 0
configure:6914: result: yes
configure:6914: checking for bcopy
configure:6914: gcc -o conftest -g -O2        conftest.c  >&5
conftest.c:82:6: warning: conflicting types for built-in function 'bcopy'; expected 'void(const void *, void *, long unsigned int)' [-Wbuiltin-declaration-mismatch]
   82 | char bcopy ();
      |      ^~~~~
configure:6914: $? = 0
configure:6914: result: yes
configure:6914: checking for bsearch
configure:6914: gcc -o conftest -g -O2        conftest.c  >&5
configure:6914: $? = 0
configure:6914: result: yes
configure:6914: checking for bzero
configure:6914: gcc -o conftest -g -O2        conftest.c  >&5
conftest.c:84:6: warning: conflicting types for built-in function 'bzero'; expected 'void(void *, long unsigned int)' [-Wbuiltin-declaration-mismatch]
   84 | char bzero ();
      |      ^~~~~
configure:6914: $? = 0
configure:6914: result: yes
configure:6914: checking for calloc
configure:6914: gcc -o conftest -g -O2        conftest.c  >&5
conftest.c:85:6: warning: conflicting types for built-in function 'calloc'; expected 'void *(long unsigned int,  long unsigned int)' [-Wbuiltin-declaration-mismatch]
   85 | char calloc ();
      |      ^~~~~~
conftest.c:73:1: note: 'calloc' is declared in header '<stdlib.h>'
   72 | # include <limits.h>
   73 | #else
configure:6914: $? = 0
configure:6914: result: yes
configure:6914: checking for clock
configure:6914: gcc -o conftest -g -O2        conftest.c  >&5
configure:6914: $? = 0
configure:6914: result: yes
configure:6914: checking for ffs
configure:6914: gcc -o conftest -g -O2        conftest.c  >&5
conftest.c:87:6: warning: conflicting types for built-in function 'ffs'; expected 'int(int)' [-Wbuiltin-declaration-mismatch]
   87 | char ffs ();
      |      ^~~
configure:6914: $? = 0
configure:6914: result: yes
configure:6914: checking for getcwd
configure:6914: gcc -o conftest -g -O2        conftest.c  >&5
configure:6914: $? = 0
configure:6914: result: yes
configure:6914: checking for getpagesize
configure:6914: gcc -o conftest -g -O2        conftest.c  >&5
configure:6914: $? = 0
configure:6914: result: yes
configure:6914: checking for gettimeofday
configure:6914: gcc -o conftest -g -O2        conftest.c  >&5
configure:6914: $? = 0
configure:6914: result: yes
configure:6914: checking for index
configure:6914: gcc -o conftest -g -O2        conftest.c  >&5
conftest.c:91:6: warning: conflicting types for built-in function 'index'; expected 'char *(const char *, int)' [-Wbuiltin-declaration-mismatch]
   91 | char index ();
      |      ^~~~~
configure:6914: $? = 0
configure:6914: result: yes
configure:6914: checking for insque
configure:6914: gcc -o conftest -g -O2        conftest.c  >&5
configure:6914: $? = 0
configure:6914: result: yes
configure:6914: checking for memchr
configure:6914: gcc -o conftest -g -O2        conftest.c  >&5
conftest.c:93:6: warning: conflicting types for built-in function 'memchr'; expected 'void *(const void *, int,  long unsigned int)' [-Wbuiltin-declaration-mismatch]
   93 | char memchr ();
      |      ^~~~~~
conftest.c:81:1: note: 'memchr' is declared in header '<string.h>'
   80 | # include <limits.h>
   81 | #else
configure:6914: $? = 0
configure:6914: result: yes
configure:6914: checking for memcmp
configure:6914: gcc -o conftest -g -O2        conftest.c  >&5
conftest.c:94:6: warning: conflicting types for built-in function 'memcmp'; expected 'int(const void *, const void *, long unsigned int)' [-Wbuiltin-declaration-mismatch]
   94 | char memcmp ();
      |      ^~~~~~
conftest.c:82:1: note: 'memcmp' is declared in header '<string.h>'
   81 | # include <limits.h>
   82 | #else
configure:6914: $? = 0
configure:6914: result: yes
configure:6914: checking for memcpy
configure:6914: gcc -o conftest -g -O2        conftest.c  >&5
conftest.c:95:6: warning: conflicting types for built-in function 'memcpy'; expected 'void *(void *, const void *, long unsigned int)' [-Wbuiltin-declaration-mismatch]
   95 | char memcpy ();
      |      ^~~~~~
conftest.c:83:1: note: 'memcpy' is declared in header '<string.h>'
   82 | # include <limits.h>
   83 | #else
configure:6914: $? = 0
configure:6914: result: yes
configure:6914: checking for memmem
configure:6914: gcc -o conftest -g -O2        conftest.c  >&5
configure:6914: $? = 0
configure:6914: result: yes
configure:6914: checking for memmove
configure:6914: gcc -o conftest -g -O2        conftest.c  >&5
conftest.c:97:6: warning: conflicting types for built-in function 'memmove'; expected 'void *(void *, const void *, long unsigned int)' [-Wbuiltin-declaration-mismatch]
   97 | char memmove ();
      |      ^~~~~~~
conftest.c:85:1: note: 'memmove' is declared in header '<string.h>'
   84 | # include <limits.h>
   85 | #else
configure:6914: $? = 0
configure:6914: result: yes
configure:6914: checking for mempcpy
configure:6914: gcc -o conftest -g -O2        conftest.c  >&5
conftest.c:98:6: warning: conflicting types for built-in function 'mempcpy'; expected 'void *(void *, const void *, long unsigned int)' [-Wbuiltin-declaration-mismatch]
   98 | char mempcpy ();
      |      ^~~~~~~
configure:6914: $? = 0
configure:6914: result: yes
configure:6914: checking for memset
configure:6914: gcc -o conftest -g -O2        conftest.c  >&5
conftest.c:99:6: warning: conflicting types for built-in function 'memset'; expected 'void *(void *, int,  long unsigned int)' [-Wbuiltin-declaration-mismatch]
   99 | char memset ();
      |      ^~~~~~
conftest.c:87:1: note: 'memset' is declared in header '<string.h>'
   86 | # include <limits.h>
   87 | #else
configure:6914: $? = 0
configure:6914: result: yes
configure:6914: checking for mkstemps
configure:6914: gcc -o conftest -g -O2        conftest.c  >&5
configure:6914: $? = 0
configure:6914: result: yes
configure:6914: checking for putenv
configure:6914: gcc -o conftest -g -O2        conftest.c  >&5
configure:6914: $? = 0
configure:6914: result: yes
configure:6914: checking for random
configure:6914: gcc -o conftest -g -O2        conftest.c  >&5
configure:6914: $? = 0
configure:6914: result: yes
configure:6914: checking for rename
configure:6914: gcc -o conftest -g -O2        conftest.c  >&5
configure:6914: $? = 0
configure:6914: result: yes
configure:6914: checking for rindex
configure:6914: gcc -o conftest -g -O2        conftest.c  >&5
conftest.c:104:6: warning: conflicting types for built-in function 'rindex'; expected 'char *(const char *, int)' [-Wbuiltin-declaration-mismatch]
  104 | char rindex ();
      |      ^~~~~~
configure:6914: $? = 0
configure:6914: result: yes
configure:6914: checking for setenv
configure:6914: gcc -o conftest -g -O2        conftest.c  >&5
configure:6914: $? = 0
configure:6914: result: yes
configure:6914: checking for snprintf
configure:6914: gcc -o conftest -g -O2        conftest.c  >&5
conftest.c:106:6: warning: conflicting types for built-in function 'snprintf'; expected 'int(char *, long unsigned int,  const char *, ...)' [-Wbuiltin-declaration-mismatch]
  106 | char snprintf ();
      |      ^~~~~~~~
conftest.c:94:1: note: 'snprintf' is declared in header '<stdio.h>'
   93 | # include <limits.h>
   94 | #else
configure:6914: $? = 0
configure:6914: result: yes
configure:6914: checking for sigsetmask
configure:6914: gcc -o conftest -g -O2        conftest.c  >&5
configure:6914: $? = 0
configure:6914: result: yes
configure:6914: checking for stpcpy
configure:6914: gcc -o conftest -g -O2        conftest.c  >&5
conftest.c:108:6: warning: conflicting types for built-in function 'stpcpy'; expected 'char *(char *, const char *)' [-Wbuiltin-declaration-mismatch]
  108 | char stpcpy ();
      |      ^~~~~~
configure:6914: $? = 0
configure:6914: result: yes
configure:6914: checking for stpncpy
configure:6914: gcc -o conftest -g -O2        conftest.c  >&5
conftest.c:109:6: warning: conflicting types for built-in function 'stpncpy'; expected 'char *(char *, const char *, long unsigned int)' [-Wbuiltin-declaration-mismatch]
  109 | char stpncpy ();
      |      ^~~~~~~
configure:6914: $? = 0
configure:6914: result: yes
configure:6914: checking for strcasecmp
configure:6914: gcc -o conftest -g -O2        conftest.c  >&5
conftest.c:110:6: warning: conflicting types for built-in function 'strcasecmp'; expected 'int(const char *, const char *)' [-Wbuiltin-declaration-mismatch]
  110 | char strcasecmp ();
      |      ^~~~~~~~~~
configure:6914: $? = 0
configure:6914: result: yes
configure:6914: checking for strchr
configure:6914: gcc -o conftest -g -O2        conftest.c  >&5
conftest.c:111:6: warning: conflicting types for built-in function 'strchr'; expected 'char *(const char *, int)' [-Wbuiltin-declaration-mismatch]
  111 | char strchr ();
      |      ^~~~~~
conftest.c:99:1: note: 'strchr' is declared in header '<string.h>'
   98 | # include <limits.h>
   99 | #else
configure:6914: $? = 0
configure:6914: result: yes
configure:6914: checking for strdup
configure:6914: gcc -o conftest -g -O2        conftest.c  >&5
conftest.c:112:6: warning: conflicting types for built-in function 'strdup'; expected 'char *(const char *)' [-Wbuiltin-declaration-mismatch]
  112 | char strdup ();
      |      ^~~~~~
configure:6914: $? = 0
configure:6914: result: yes
configure:6914: checking for strncasecmp
configure:6914: gcc -o conftest -g -O2        conftest.c  >&5
conftest.c:113:6: warning: conflicting types for built-in function 'strncasecmp'; expected 'int(const char *, const char *, long unsigned int)' [-Wbuiltin-declaration-mismatch]
  113 | char strncasecmp ();
      |      ^~~~~~~~~~~
configure:6914: $? = 0
configure:6914: result: yes
configure:6914: checking for strndup
configure:6914: gcc -o conftest -g -O2        conftest.c  >&5
conftest.c:114:6: warning: conflicting types for built-in function 'strndup'; expected 'char *(const char *, long unsigned int)' [-Wbuiltin-declaration-mismatch]
  114 | char strndup ();
      |      ^~~~~~~
configure:6914: $? = 0
configure:6914: result: yes
configure:6914: checking for strnlen
configure:6914: gcc -o conftest -g -O2        conftest.c  >&5
conftest.c:115:6: warning: conflicting types for built-in function 'strnlen'; expected 'long unsigned int(const char *, long unsigned int)' [-Wbuiltin-declaration-mismatch]
  115 | char strnlen ();
      |      ^~~~~~~
configure:6914: $? = 0
configure:6914: result: yes
configure:6914: checking for strrchr
configure:6914: gcc -o conftest -g -O2        conftest.c  >&5
conftest.c:116:6: warning: conflicting types for built-in function 'strrchr'; expected 'char *(const char *, int)' [-Wbuiltin-declaration-mismatch]
  116 | char strrchr ();
      |      ^~~~~~~
conftest.c:104:1: note: 'strrchr' is declared in header '<string.h>'
  103 | # include <limits.h>
  104 | #else
configure:6914: $? = 0
configure:6914: result: yes
configure:6914: checking for strstr
configure:6914: gcc -o conftest -g -O2        conftest.c  >&5
conftest.c:117:6: warning: conflicting types for built-in function 'strstr'; expected 'char *(const char *, const char *)' [-Wbuiltin-declaration-mismatch]
  117 | char strstr ();
      |      ^~~~~~
conftest.c:105:1: note: 'strstr' is declared in header '<string.h>'
  104 | # include <limits.h>
  105 | #else
configure:6914: $? = 0
configure:6914: result: yes
configure:6914: checking for strtod
configure:6914: gcc -o conftest -g -O2        conftest.c  >&5
configure:6914: $? = 0
configure:6914: result: yes
configure:6914: checking for strtol
configure:6914: gcc -o conftest -g -O2        conftest.c  >&5
configure:6914: $? = 0
configure:6914: result: yes
configure:6914: checking for strtoul
configure:6914: gcc -o conftest -g -O2        conftest.c  >&5
configure:6914: $? = 0
configure:6914: result: yes
configure:6914: checking for strtoll
configure:6914: gcc -o conftest -g -O2        conftest.c  >&5
configure:6914: $? = 0
configure:6914: result: yes
configure:6914: checking for strtoull
configure:6914: gcc -o conftest -g -O2        conftest.c  >&5
configure:6914: $? = 0
configure:6914: result: yes
configure:6914: checking for strverscmp
configure:6914: gcc -o conftest -g -O2        conftest.c  >&5
configure:6914: $? = 0
configure:6914: result: yes
configure:6914: checking for tmpnam
configure:6914: gcc -o conftest -g -O2        conftest.c  >&5
/usr/bin/ld: /tmp/ccImVBxL.o: in function `main':
/root/AsmXoM/binutils-2.44/build/libiberty/conftest.c:135: warning: the use of `tmpnam' is dangerous, better use `mkstemp'
configure:6914: $? = 0
configure:6914: result: yes
configure:6914: checking for vasprintf
configure:6914: gcc -o conftest -g -O2        conftest.c  >&5
configure:6914: $? = 0
configure:6914: result: yes
configure:6914: checking for vfprintf
configure:6914: gcc -o conftest -g -O2        conftest.c  >&5
conftest.c:126:6: warning: conflicting types for built-in function 'vfprintf'; expected 'int(void *, const char *, __va_list_tag *)' [-Wbuiltin-declaration-mismatch]
  126 | char vfprintf ();
      |      ^~~~~~~~
conftest.c:114:1: note: 'vfprintf' is declared in header '<stdio.h>'
  113 | # include <limits.h>
  114 | #else
configure:6914: $? = 0
configure:6914: result: yes
configure:6914: checking for vprintf
configure:6914: gcc -o conftest -g -O2        conftest.c  >&5
conftest.c:127:6: warning: conflicting types for built-in function 'vprintf'; expected 'int(const char *, __va_list_tag *)' [-Wbuiltin-declaration-mismatch]
  127 | char vprintf ();
      |      ^~~~~~~
conftest.c:115:1: note: 'vprintf' is declared in header '<stdio.h>'
  114 | # include <limits.h>
  115 | #else
configure:6914: $? = 0
configure:6914: result: yes
configure:6914: checking for vsnprintf
configure:6914: gcc -o conftest -g -O2        conftest.c  >&5
conftest.c:128:6: warning: conflicting types for built-in function 'vsnprintf'; expected 'int(char *, long unsigned int,  const char *, __va_list_tag *)' [-Wbuiltin-declaration-mismatch]
  128 | char vsnprintf ();
      |      ^~~~~~~~~
conftest.c:116:1: note: 'vsnprintf' is declared in header '<stdio.h>'
  115 | # include <limits.h>
  116 | #else
configure:6914: $? = 0
configure:6914: result: yes
configure:6914: checking for vsprintf
configure:6914: gcc -o conftest -g -O2        conftest.c  >&5
conftest.c:129:6: warning: conflicting types for built-in function 'vsprintf'; expected 'int(char *, const char *, __va_list_tag *)' [-Wbuiltin-declaration-mismatch]
  129 | char vsprintf ();
      |      ^~~~~~~~
conftest.c:117:1: note: 'vsprintf' is declared in header '<stdio.h>'
  116 | # include <limits.h>
  117 | #else
configure:6914: $? = 0
configure:6914: result: yes
configure:6914: checking for waitpid
configure:6914: gcc -o conftest -g -O2        conftest.c  >&5
configure:6914: $? = 0
configure:6914: result: yes
configure:6914: checking for setproctitle
configure:6914: gcc -o conftest -g -O2        conftest.c  >&5
/usr/bin/ld: /tmp/ccrYv4u8.o: in function `main':
/root/AsmXoM/binutils-2.44/build/libiberty/conftest.c:142: undefined reference to `setproctitle'
collect2: error: ld returned 1 exit status
configure:6914: $? = 1
configure: failed program was:
| /* confdefs.h */
| #define PACKAGE_NAME ""
| #define PACKAGE_TARNAME ""
| #define PACKAGE_VERSION ""
| #define PACKAGE_STRING ""
| #define PACKAGE_BUGREPORT ""
| #define PACKAGE_URL ""
| #define STDC_HEADERS 1
| #define HAVE_SYS_TYPES_H 1
| #define HAVE_SYS_STAT_H 1
| #define HAVE_STDLIB_H 1
| #define HAVE_STRING_H 1
| #define HAVE_MEMORY_H 1
| #define HAVE_STRINGS_H 1
| #define HAVE_INTTYPES_H 1
| #define HAVE_STDINT_H 1
| #define HAVE_UNISTD_H 1
| #define __EXTENSIONS__ 1
| #define _ALL_SOURCE 1
| #define _GNU_SOURCE 1
| #define _POSIX_PTHREAD_SEMANTICS 1
| #define _TANDEM_SOURCE 1
| #define HAVE_SYS_FILE_H 1
| #define HAVE_SYS_PARAM_H 1
| #define HAVE_LIMITS_H 1
| #define HAVE_STDLIB_H 1
| #define HAVE_MALLOC_H 1
| #define HAVE_STRING_H 1
| #define HAVE_UNISTD_H 1
| #define HAVE_STRINGS_H 1
| #define HAVE_SYS_TIME_H 1
| #define HAVE_TIME_H 1
| #define HAVE_SYS_RESOURCE_H 1
| #define HAVE_SYS_STAT_H 1
| #define HAVE_SYS_MMAN_H 1
| #define HAVE_FCNTL_H 1
| #define HAVE_ALLOCA_H 1
| #define HAVE_SYS_SYSINFO_H 1
| #define HAVE_STDINT_H 1
| #define HAVE_STDIO_EXT_H 1
| #define HAVE_SYS_PRCTL_H 1
| #define HAVE_SPAWN_H 1
| #define HAVE_SYS_WAIT_H 1
| #define TIME_WITH_SYS_TIME 1
| #define SIZEOF_INT 4
| #define SIZEOF_LONG 8
| #define SIZEOF_SIZE_T 8
| #define HAVE_LONG_LONG 1
| #define SIZEOF_LONG_LONG 8
| #define UNSIGNED_64BIT_TYPE uint64_t
| #define HAVE_INTPTR_T 1
| #define HAVE_UINTPTR_T 1
| #define HAVE_UINTPTR_T 1
| #define HAVE_ASPRINTF 1
| #define HAVE_ATEXIT 1
| #define HAVE_BASENAME 1
| #define HAVE_BCMP 1
| #define HAVE_BCOPY 1
| #define HAVE_BSEARCH 1
| #define HAVE_BZERO 1
| #define HAVE_CALLOC 1
| #define HAVE_CLOCK 1
| #define HAVE_FFS 1
| #define HAVE_GETCWD 1
| #define HAVE_GETPAGESIZE 1
| #define HAVE_GETTIMEOFDAY 1
| #define HAVE_INDEX 1
| #define HAVE_INSQUE 1
| #define HAVE_MEMCHR 1
| #define HAVE_MEMCMP 1
| #define HAVE_MEMCPY 1
| #define HAVE_MEMMEM 1
| #define HAVE_MEMMOVE 1
| #define HAVE_MEMPCPY 1
| #define HAVE_MEMSET 1
| #define HAVE_MKSTEMPS 1
| #define HAVE_PUTENV 1
| #define HAVE_RANDOM 1
| #define HAVE_RENAME 1
| #define HAVE_RINDEX 1
| #define HAVE_SETENV 1
| #define HAVE_SNPRINTF 1
| #define HAVE_SIGSETMASK 1
| #define HAVE_STPCPY 1
| #define HAVE_STPNCPY 1
| #define HAVE_STRCASECMP 1
| #define HAVE_STRCHR 1
| #define HAVE_STRDUP 1
| #define HAVE_STRNCASECMP 1
| #define HAVE_STRNDUP 1
| #define HAVE_STRNLEN 1
| #define HAVE_STRRCHR 1
| #define HAVE_STRSTR 1
| #define HAVE_STRTOD 1
| #define HAVE_STRTOL 1
| #define HAVE_STRTOUL 1
| #define HAVE_STRTOLL 1
| #define HAVE_STRTOULL 1
| #define HAVE_STRVERSCMP 1
| #define HAVE_TMPNAM 1
| #define HAVE_VASPRINTF 1
| #define HAVE_VFPRINTF 1
| #define HAVE_VPRINTF 1
| #define HAVE_VSNPRINTF 1
| #define HAVE_VSPRINTF 1
| #define HAVE_WAITPID 1
| /* end confdefs.h.  */
| /* Define setproctitle to an innocuous variant, in case <limits.h> declares setproctitle.
|    For example, HP-UX 11i <limits.h> declares gettimeofday.  */
| #define setproctitle innocuous_setproctitle
| 
| /* System header to define __stub macros and hopefully few prototypes,
|     which can conflict with char setproctitle (); below.
|     Prefer <limits.h> to <assert.h> if __STDC__ is defined, since
|     <limits.h> exists even on freestanding compilers.  */
| 
| #ifdef __STDC__
| # include <limits.h>
| #else
| # include <assert.h>
| #endif
| 
| #undef setproctitle
| 
| /* Override any GCC internal prototype to avoid an error.
|    Use char because int might match the return type of a GCC
|    builtin and then its argument prototype would still apply.  */
| #ifdef __cplusplus
| extern "C"
| #endif
| char setproctitle ();
| /* The GNU C library defines this for functions which it implements
|     to always fail with ENOSYS.  Some functions are actually named
|     something starting with __ and the normal name is an alias.  */
| #if defined __stub_setproctitle || defined __stub___setproctitle
| choke me
| #endif
| 
| int
| main ()
| {
| return setproctitle ();
|   ;
|   return 0;
| }
configure:6914: result: no
configure:6930: checking whether alloca needs Cray hooks
configure:6953: result: no
configure:6970: checking stack direction for C alloca
configure:7002: gcc -o conftest -g -O2        conftest.c  >&5
configure:7002: $? = 0
configure:7002: ./conftest
configure:7002: $? = 1
configure: program exited with status 1
configure: failed program was:
| /* confdefs.h */
| #define PACKAGE_NAME ""
| #define PACKAGE_TARNAME ""
| #define PACKAGE_VERSION ""
| #define PACKAGE_STRING ""
| #define PACKAGE_BUGREPORT ""
| #define PACKAGE_URL ""
| #define STDC_HEADERS 1
| #define HAVE_SYS_TYPES_H 1
| #define HAVE_SYS_STAT_H 1
| #define HAVE_STDLIB_H 1
| #define HAVE_STRING_H 1
| #define HAVE_MEMORY_H 1
| #define HAVE_STRINGS_H 1
| #define HAVE_INTTYPES_H 1
| #define HAVE_STDINT_H 1
| #define HAVE_UNISTD_H 1
| #define __EXTENSIONS__ 1
| #define _ALL_SOURCE 1
| #define _GNU_SOURCE 1
| #define _POSIX_PTHREAD_SEMANTICS 1
| #define _TANDEM_SOURCE 1
| #define HAVE_SYS_FILE_H 1
| #define HAVE_SYS_PARAM_H 1
| #define HAVE_LIMITS_H 1
| #define HAVE_STDLIB_H 1
| #define HAVE_MALLOC_H 1
| #define HAVE_STRING_H 1
| #define HAVE_UNISTD_H 1
| #define HAVE_STRINGS_H 1
| #define HAVE_SYS_TIME_H 1
| #define HAVE_TIME_H 1
| #define HAVE_SYS_RESOURCE_H 1
| #define HAVE_SYS_STAT_H 1
| #define HAVE_SYS_MMAN_H 1
| #define HAVE_FCNTL_H 1
| #define HAVE_ALLOCA_H 1
| #define HAVE_SYS_SYSINFO_H 1
| #define HAVE_STDINT_H 1
| #define HAVE_STDIO_EXT_H 1
| #define HAVE_SYS_PRCTL_H 1
| #define HAVE_SPAWN_H 1
| #define HAVE_SYS_WAIT_H 1
| #define TIME_WITH_SYS_TIME 1
| #define SIZEOF_INT 4
| #define SIZEOF_LONG 8
| #define SIZEOF_SIZE_T 8
| #define HAVE_LONG_LONG 1
| #define SIZEOF_LONG_LONG 8
| #define UNSIGNED_64BIT_TYPE uint64_t
| #define HAVE_INTPTR_T 1
| #define HAVE_UINTPTR_T 1
| #define HAVE_UINTPTR_T 1
| #define HAVE_ASPRINTF 1
| #define HAVE_ATEXIT 1
| #define HAVE_BASENAME 1
| #define HAVE_BCMP 1
| #define HAVE_BCOPY 1
| #define HAVE_BSEARCH 1
| #define HAVE_BZERO 1
| #define HAVE_CALLOC 1
| #define HAVE_CLOCK 1
| #define HAVE_FFS 1
| #define HAVE_GETCWD 1
| #define HAVE_GETPAGESIZE 1
| #define HAVE_GETTIMEOFDAY 1
| #define HAVE_INDEX 1
| #define HAVE_INSQUE 1
| #define HAVE_MEMCHR 1
| #define HAVE_MEMCMP 1
| #define HAVE_MEMCPY 1
| #define HAVE_MEMMEM 1
| #define HAVE_MEMMOVE 1
| #define HAVE_MEMPCPY 1
| #define HAVE_MEMSET 1
| #define HAVE_MKSTEMPS 1
| #define HAVE_PUTENV 1
| #define HAVE_RANDOM 1
| #define HAVE_RENAME 1
| #define HAVE_RINDEX 1
| #define HAVE_SETENV 1
| #define HAVE_SNPRINTF 1
| #define HAVE_SIGSETMASK 1
| #define HAVE_STPCPY 1
| #define HAVE_STPNCPY 1
| #define HAVE_STRCASECMP 1
| #define HAVE_STRCHR 1
| #define HAVE_STRDUP 1
| #define HAVE_STRNCASECMP 1
| #define HAVE_STRNDUP 1
| #define HAVE_STRNLEN 1
| #define HAVE_STRRCHR 1
| #define HAVE_STRSTR 1
| #define HAVE_STRTOD 1
| #define HAVE_STRTOL 1
| #define HAVE_STRTOUL 1
| #define HAVE_STRTOLL 1
| #define HAVE_STRTOULL 1
| #define HAVE_STRVERSCMP 1
| #define HAVE_TMPNAM 1
| #define HAVE_VASPRINTF 1
| #define HAVE_VFPRINTF 1
| #define HAVE_VPRINTF 1
| #define HAVE_VSNPRINTF 1
| #define HAVE_VSPRINTF 1
| #define HAVE_WAITPID 1
| /* end confdefs.h.  */
| #include <stdlib.h>
| 
| int
| find_stack_direction (void)
| {
|   static char *addr = 0;
|   auto char dummy;
|   if (addr == 0)
|     {
|       addr = &dummy;
|       return find_stack_direction ();
|     }
|   else
|     return (&dummy > addr) ? 1 : -1;
| }
| 
| int
| main (void)
| {
|   exit (find_stack_direction() < 0);
| }
configure:7012: result: -1
configure:7022: checking for vfork.h
configure:7022: gcc -E  conftest.c
conftest.c:109:10: fatal error: vfork.h: No such file or directory
  109 | #include <vfork.h>
      |          ^~~~~~~~~
compilation terminated.
configure:7022: $? = 1
configure: failed program was:
| /* confdefs.h */
| #define PACKAGE_NAME ""
| #define PACKAGE_TARNAME ""
| #define PACKAGE_VERSION ""
| #define PACKAGE_STRING ""
| #define PACKAGE_BUGREPORT ""
| #define PACKAGE_URL ""
| #define STDC_HEADERS 1
| #define HAVE_SYS_TYPES_H 1
| #define HAVE_SYS_STAT_H 1
| #define HAVE_STDLIB_H 1
| #define HAVE_STRING_H 1
| #define HAVE_MEMORY_H 1
| #define HAVE_STRINGS_H 1
| #define HAVE_INTTYPES_H 1
| #define HAVE_STDINT_H 1
| #define HAVE_UNISTD_H 1
| #define __EXTENSIONS__ 1
| #define _ALL_SOURCE 1
| #define _GNU_SOURCE 1
| #define _POSIX_PTHREAD_SEMANTICS 1
| #define _TANDEM_SOURCE 1
| #define HAVE_SYS_FILE_H 1
| #define HAVE_SYS_PARAM_H 1
| #define HAVE_LIMITS_H 1
| #define HAVE_STDLIB_H 1
| #define HAVE_MALLOC_H 1
| #define HAVE_STRING_H 1
| #define HAVE_UNISTD_H 1
| #define HAVE_STRINGS_H 1
| #define HAVE_SYS_TIME_H 1
| #define HAVE_TIME_H 1
| #define HAVE_SYS_RESOURCE_H 1
| #define HAVE_SYS_STAT_H 1
| #define HAVE_SYS_MMAN_H 1
| #define HAVE_FCNTL_H 1
| #define HAVE_ALLOCA_H 1
| #define HAVE_SYS_SYSINFO_H 1
| #define HAVE_STDINT_H 1
| #define HAVE_STDIO_EXT_H 1
| #define HAVE_SYS_PRCTL_H 1
| #define HAVE_SPAWN_H 1
| #define HAVE_SYS_WAIT_H 1
| #define TIME_WITH_SYS_TIME 1
| #define SIZEOF_INT 4
| #define SIZEOF_LONG 8
| #define SIZEOF_SIZE_T 8
| #define HAVE_LONG_LONG 1
| #define SIZEOF_LONG_LONG 8
| #define UNSIGNED_64BIT_TYPE uint64_t
| #define HAVE_INTPTR_T 1
| #define HAVE_UINTPTR_T 1
| #define HAVE_UINTPTR_T 1
| #define HAVE_ASPRINTF 1
| #define HAVE_ATEXIT 1
| #define HAVE_BASENAME 1
| #define HAVE_BCMP 1
| #define HAVE_BCOPY 1
| #define HAVE_BSEARCH 1
| #define HAVE_BZERO 1
| #define HAVE_CALLOC 1
| #define HAVE_CLOCK 1
| #define HAVE_FFS 1
| #define HAVE_GETCWD 1
| #define HAVE_GETPAGESIZE 1
| #define HAVE_GETTIMEOFDAY 1
| #define HAVE_INDEX 1
| #define HAVE_INSQUE 1
| #define HAVE_MEMCHR 1
| #define HAVE_MEMCMP 1
| #define HAVE_MEMCPY 1
| #define HAVE_MEMMEM 1
| #define HAVE_MEMMOVE 1
| #define HAVE_MEMPCPY 1
| #define HAVE_MEMSET 1
| #define HAVE_MKSTEMPS 1
| #define HAVE_PUTENV 1
| #define HAVE_RANDOM 1
| #define HAVE_RENAME 1
| #define HAVE_RINDEX 1
| #define HAVE_SETENV 1
| #define HAVE_SNPRINTF 1
| #define HAVE_SIGSETMASK 1
| #define HAVE_STPCPY 1
| #define HAVE_STPNCPY 1
| #define HAVE_STRCASECMP 1
| #define HAVE_STRCHR 1
| #define HAVE_STRDUP 1
| #define HAVE_STRNCASECMP 1
| #define HAVE_STRNDUP 1
| #define HAVE_STRNLEN 1
| #define HAVE_STRRCHR 1
| #define HAVE_STRSTR 1
| #define HAVE_STRTOD 1
| #define HAVE_STRTOL 1
| #define HAVE_STRTOUL 1
| #define HAVE_STRTOLL 1
| #define HAVE_STRTOULL 1
| #define HAVE_STRVERSCMP 1
| #define HAVE_TMPNAM 1
| #define HAVE_VASPRINTF 1
| #define HAVE_VFPRINTF 1
| #define HAVE_VPRINTF 1
| #define HAVE_VSNPRINTF 1
| #define HAVE_VSPRINTF 1
| #define HAVE_WAITPID 1
| #define STACK_DIRECTION -1
| /* end confdefs.h.  */
| #include <vfork.h>
configure:7022: result: no
configure:7034: checking for fork
configure:7034: gcc -o conftest -g -O2        conftest.c  >&5
conftest.c:132:6: warning: conflicting types for built-in function 'fork'; expected 'int(void)' [-Wbuiltin-declaration-mismatch]
  132 | char fork ();
      |      ^~~~
configure:7034: $? = 0
configure:7034: result: yes
configure:7034: checking for vfork
configure:7034: gcc -o conftest -g -O2        conftest.c  >&5
configure:7034: $? = 0
configure:7034: result: yes
configure:7044: checking for working fork
configure:7066: gcc -o conftest -g -O2        conftest.c  >&5
configure:7066: $? = 0
configure:7066: ./conftest
configure:7066: $? = 0
configure:7076: result: yes
configure:7097: checking for working vfork
configure:7207: result: yes
configure:7261: checking for _doprnt
configure:7261: gcc -o conftest -g -O2        conftest.c  >&5
/usr/bin/ld: /tmp/ccX9aksq.o: in function `main':
/root/AsmXoM/binutils-2.44/build/libiberty/conftest.c:147: undefined reference to `_doprnt'
collect2: error: ld returned 1 exit status
configure:7261: $? = 1
configure: failed program was:
| /* confdefs.h */
| #define PACKAGE_NAME ""
| #define PACKAGE_TARNAME ""
| #define PACKAGE_VERSION ""
| #define PACKAGE_STRING ""
| #define PACKAGE_BUGREPORT ""
| #define PACKAGE_URL ""
| #define STDC_HEADERS 1
| #define HAVE_SYS_TYPES_H 1
| #define HAVE_SYS_STAT_H 1
| #define HAVE_STDLIB_H 1
| #define HAVE_STRING_H 1
| #define HAVE_MEMORY_H 1
| #define HAVE_STRINGS_H 1
| #define HAVE_INTTYPES_H 1
| #define HAVE_STDINT_H 1
| #define HAVE_UNISTD_H 1
| #define __EXTENSIONS__ 1
| #define _ALL_SOURCE 1
| #define _GNU_SOURCE 1
| #define _POSIX_PTHREAD_SEMANTICS 1
| #define _TANDEM_SOURCE 1
| #define HAVE_SYS_FILE_H 1
| #define HAVE_SYS_PARAM_H 1
| #define HAVE_LIMITS_H 1
| #define HAVE_STDLIB_H 1
| #define HAVE_MALLOC_H 1
| #define HAVE_STRING_H 1
| #define HAVE_UNISTD_H 1
| #define HAVE_STRINGS_H 1
| #define HAVE_SYS_TIME_H 1
| #define HAVE_TIME_H 1
| #define HAVE_SYS_RESOURCE_H 1
| #define HAVE_SYS_STAT_H 1
| #define HAVE_SYS_MMAN_H 1
| #define HAVE_FCNTL_H 1
| #define HAVE_ALLOCA_H 1
| #define HAVE_SYS_SYSINFO_H 1
| #define HAVE_STDINT_H 1
| #define HAVE_STDIO_EXT_H 1
| #define HAVE_SYS_PRCTL_H 1
| #define HAVE_SPAWN_H 1
| #define HAVE_SYS_WAIT_H 1
| #define TIME_WITH_SYS_TIME 1
| #define SIZEOF_INT 4
| #define SIZEOF_LONG 8
| #define SIZEOF_SIZE_T 8
| #define HAVE_LONG_LONG 1
| #define SIZEOF_LONG_LONG 8
| #define UNSIGNED_64BIT_TYPE uint64_t
| #define HAVE_INTPTR_T 1
| #define HAVE_UINTPTR_T 1
| #define HAVE_UINTPTR_T 1
| #define HAVE_ASPRINTF 1
| #define HAVE_ATEXIT 1
| #define HAVE_BASENAME 1
| #define HAVE_BCMP 1
| #define HAVE_BCOPY 1
| #define HAVE_BSEARCH 1
| #define HAVE_BZERO 1
| #define HAVE_CALLOC 1
| #define HAVE_CLOCK 1
| #define HAVE_FFS 1
| #define HAVE_GETCWD 1
| #define HAVE_GETPAGESIZE 1
| #define HAVE_GETTIMEOFDAY 1
| #define HAVE_INDEX 1
| #define HAVE_INSQUE 1
| #define HAVE_MEMCHR 1
| #define HAVE_MEMCMP 1
| #define HAVE_MEMCPY 1
| #define HAVE_MEMMEM 1
| #define HAVE_MEMMOVE 1
| #define HAVE_MEMPCPY 1
| #define HAVE_MEMSET 1
| #define HAVE_MKSTEMPS 1
| #define HAVE_PUTENV 1
| #define HAVE_RANDOM 1
| #define HAVE_RENAME 1
| #define HAVE_RINDEX 1
| #define HAVE_SETENV 1
| #define HAVE_SNPRINTF 1
| #define HAVE_SIGSETMASK 1
| #define HAVE_STPCPY 1
| #define HAVE_STPNCPY 1
| #define HAVE_STRCASECMP 1
| #define HAVE_STRCHR 1
| #define HAVE_STRDUP 1
| #define HAVE_STRNCASECMP 1
| #define HAVE_STRNDUP 1
| #define HAVE_STRNLEN 1
| #define HAVE_STRRCHR 1
| #define HAVE_STRSTR 1
| #define HAVE_STRTOD 1
| #define HAVE_STRTOL 1
| #define HAVE_STRTOUL 1
| #define HAVE_STRTOLL 1
| #define HAVE_STRTOULL 1
| #define HAVE_STRVERSCMP 1
| #define HAVE_TMPNAM 1
| #define HAVE_VASPRINTF 1
| #define HAVE_VFPRINTF 1
| #define HAVE_VPRINTF 1
| #define HAVE_VSNPRINTF 1
| #define HAVE_VSPRINTF 1
| #define HAVE_WAITPID 1
| #define STACK_DIRECTION -1
| #define HAVE_FORK 1
| #define HAVE_VFORK 1
| #define HAVE_WORKING_VFORK 1
| #define HAVE_WORKING_FORK 1
| /* end confdefs.h.  */
| /* Define _doprnt to an innocuous variant, in case <limits.h> declares _doprnt.
|    For example, HP-UX 11i <limits.h> declares gettimeofday.  */
| #define _doprnt innocuous__doprnt
| 
| /* System header to define __stub macros and hopefully few prototypes,
|     which can conflict with char _doprnt (); below.
|     Prefer <limits.h> to <assert.h> if __STDC__ is defined, since
|     <limits.h> exists even on freestanding compilers.  */
| 
| #ifdef __STDC__
| # include <limits.h>
| #else
| # include <assert.h>
| #endif
| 
| #undef _doprnt
| 
| /* Override any GCC internal prototype to avoid an error.
|    Use char because int might match the return type of a GCC
|    builtin and then its argument prototype would still apply.  */
| #ifdef __cplusplus
| extern "C"
| #endif
| char _doprnt ();
| /* The GNU C library defines this for functions which it implements
|     to always fail with ENOSYS.  Some functions are actually named
|     something starting with __ and the normal name is an alias.  */
| #if defined __stub__doprnt || defined __stub____doprnt
| choke me
| #endif
| 
| int
| main ()
| {
| return _doprnt ();
|   ;
|   return 0;
| }
configure:7261: result: no
configure:7273: checking for sys_errlist
configure:7292: gcc -o conftest -g -O2        conftest.c  >&5
/usr/bin/ld: /tmp/ccGGk9j3.o: in function `main':
/root/AsmXoM/binutils-2.44/build/libiberty/conftest.c:117: warning: `sys_errlist' is deprecated; use `strerror' or `strerror_r' instead
configure:7292: $? = 0
configure:7302: result: yes
configure:7273: checking for sys_nerr
configure:7292: gcc -o conftest -g -O2        conftest.c  >&5
/usr/bin/ld: /tmp/cci2vt8s.o: in function `main':
/root/AsmXoM/binutils-2.44/build/libiberty/conftest.c:118: warning: `sys_nerr' is deprecated; use `strerror' or `strerror_r' instead
configure:7292: $? = 0
configure:7302: result: yes
configure:7273: checking for sys_siglist
configure:7292: gcc -o conftest -g -O2        conftest.c  >&5
configure:7292: $? = 0
configure:7302: result: yes
configure:7317: checking for external symbol _system_configuration
configure:7330: gcc -c -g -O2      conftest.c >&5
conftest.c:116:10: fatal error: sys/systemcfg.h: No such file or directory
  116 | #include <sys/systemcfg.h>
      |          ^~~~~~~~~~~~~~~~~
compilation terminated.
configure:7330: $? = 1
configure: failed program was:
| /* confdefs.h */
| #define PACKAGE_NAME ""
| #define PACKAGE_TARNAME ""
| #define PACKAGE_VERSION ""
| #define PACKAGE_STRING ""
| #define PACKAGE_BUGREPORT ""
| #define PACKAGE_URL ""
| #define STDC_HEADERS 1
| #define HAVE_SYS_TYPES_H 1
| #define HAVE_SYS_STAT_H 1
| #define HAVE_STDLIB_H 1
| #define HAVE_STRING_H 1
| #define HAVE_MEMORY_H 1
| #define HAVE_STRINGS_H 1
| #define HAVE_INTTYPES_H 1
| #define HAVE_STDINT_H 1
| #define HAVE_UNISTD_H 1
| #define __EXTENSIONS__ 1
| #define _ALL_SOURCE 1
| #define _GNU_SOURCE 1
| #define _POSIX_PTHREAD_SEMANTICS 1
| #define _TANDEM_SOURCE 1
| #define HAVE_SYS_FILE_H 1
| #define HAVE_SYS_PARAM_H 1
| #define HAVE_LIMITS_H 1
| #define HAVE_STDLIB_H 1
| #define HAVE_MALLOC_H 1
| #define HAVE_STRING_H 1
| #define HAVE_UNISTD_H 1
| #define HAVE_STRINGS_H 1
| #define HAVE_SYS_TIME_H 1
| #define HAVE_TIME_H 1
| #define HAVE_SYS_RESOURCE_H 1
| #define HAVE_SYS_STAT_H 1
| #define HAVE_SYS_MMAN_H 1
| #define HAVE_FCNTL_H 1
| #define HAVE_ALLOCA_H 1
| #define HAVE_SYS_SYSINFO_H 1
| #define HAVE_STDINT_H 1
| #define HAVE_STDIO_EXT_H 1
| #define HAVE_SYS_PRCTL_H 1
| #define HAVE_SPAWN_H 1
| #define HAVE_SYS_WAIT_H 1
| #define TIME_WITH_SYS_TIME 1
| #define SIZEOF_INT 4
| #define SIZEOF_LONG 8
| #define SIZEOF_SIZE_T 8
| #define HAVE_LONG_LONG 1
| #define SIZEOF_LONG_LONG 8
| #define UNSIGNED_64BIT_TYPE uint64_t
| #define HAVE_INTPTR_T 1
| #define HAVE_UINTPTR_T 1
| #define HAVE_UINTPTR_T 1
| #define HAVE_ASPRINTF 1
| #define HAVE_ATEXIT 1
| #define HAVE_BASENAME 1
| #define HAVE_BCMP 1
| #define HAVE_BCOPY 1
| #define HAVE_BSEARCH 1
| #define HAVE_BZERO 1
| #define HAVE_CALLOC 1
| #define HAVE_CLOCK 1
| #define HAVE_FFS 1
| #define HAVE_GETCWD 1
| #define HAVE_GETPAGESIZE 1
| #define HAVE_GETTIMEOFDAY 1
| #define HAVE_INDEX 1
| #define HAVE_INSQUE 1
| #define HAVE_MEMCHR 1
| #define HAVE_MEMCMP 1
| #define HAVE_MEMCPY 1
| #define HAVE_MEMMEM 1
| #define HAVE_MEMMOVE 1
| #define HAVE_MEMPCPY 1
| #define HAVE_MEMSET 1
| #define HAVE_MKSTEMPS 1
| #define HAVE_PUTENV 1
| #define HAVE_RANDOM 1
| #define HAVE_RENAME 1
| #define HAVE_RINDEX 1
| #define HAVE_SETENV 1
| #define HAVE_SNPRINTF 1
| #define HAVE_SIGSETMASK 1
| #define HAVE_STPCPY 1
| #define HAVE_STPNCPY 1
| #define HAVE_STRCASECMP 1
| #define HAVE_STRCHR 1
| #define HAVE_STRDUP 1
| #define HAVE_STRNCASECMP 1
| #define HAVE_STRNDUP 1
| #define HAVE_STRNLEN 1
| #define HAVE_STRRCHR 1
| #define HAVE_STRSTR 1
| #define HAVE_STRTOD 1
| #define HAVE_STRTOL 1
| #define HAVE_STRTOUL 1
| #define HAVE_STRTOLL 1
| #define HAVE_STRTOULL 1
| #define HAVE_STRVERSCMP 1
| #define HAVE_TMPNAM 1
| #define HAVE_VASPRINTF 1
| #define HAVE_VFPRINTF 1
| #define HAVE_VPRINTF 1
| #define HAVE_VSNPRINTF 1
| #define HAVE_VSPRINTF 1
| #define HAVE_WAITPID 1
| #define STACK_DIRECTION -1
| #define HAVE_FORK 1
| #define HAVE_VFORK 1
| #define HAVE_WORKING_VFORK 1
| #define HAVE_WORKING_FORK 1
| #define HAVE_SYS_ERRLIST 1
| #define HAVE_SYS_NERR 1
| #define HAVE_SYS_SIGLIST 1
| /* end confdefs.h.  */
| #include <sys/systemcfg.h>
| int
| main ()
| {
| double x = _system_configuration.physmem;
|   ;
|   return 0;
| }
configure:7337: result: no
configure:7345: checking for __fsetlocking
configure:7345: gcc -o conftest -g -O2        conftest.c  >&5
configure:7345: $? = 0
configure:7345: result: yes
configure:7345: checking for canonicalize_file_name
configure:7345: gcc -o conftest -g -O2        conftest.c  >&5
configure:7345: $? = 0
configure:7345: result: yes
configure:7345: checking for dup3
configure:7345: gcc -o conftest -g -O2        conftest.c  >&5
configure:7345: $? = 0
configure:7345: result: yes
configure:7345: checking for getrlimit
configure:7345: gcc -o conftest -g -O2        conftest.c  >&5
configure:7345: $? = 0
configure:7345: result: yes
configure:7345: checking for getrusage
configure:7345: gcc -o conftest -g -O2        conftest.c  >&5
configure:7345: $? = 0
configure:7345: result: yes
configure:7345: checking for getsysinfo
configure:7345: gcc -o conftest -g -O2        conftest.c  >&5
/usr/bin/ld: /tmp/ccd3BNlg.o: in function `main':
/root/AsmXoM/binutils-2.44/build/libiberty/conftest.c:155: undefined reference to `getsysinfo'
collect2: error: ld returned 1 exit status
configure:7345: $? = 1
configure: failed program was:
| /* confdefs.h */
| #define PACKAGE_NAME ""
| #define PACKAGE_TARNAME ""
| #define PACKAGE_VERSION ""
| #define PACKAGE_STRING ""
| #define PACKAGE_BUGREPORT ""
| #define PACKAGE_URL ""
| #define STDC_HEADERS 1
| #define HAVE_SYS_TYPES_H 1
| #define HAVE_SYS_STAT_H 1
| #define HAVE_STDLIB_H 1
| #define HAVE_STRING_H 1
| #define HAVE_MEMORY_H 1
| #define HAVE_STRINGS_H 1
| #define HAVE_INTTYPES_H 1
| #define HAVE_STDINT_H 1
| #define HAVE_UNISTD_H 1
| #define __EXTENSIONS__ 1
| #define _ALL_SOURCE 1
| #define _GNU_SOURCE 1
| #define _POSIX_PTHREAD_SEMANTICS 1
| #define _TANDEM_SOURCE 1
| #define HAVE_SYS_FILE_H 1
| #define HAVE_SYS_PARAM_H 1
| #define HAVE_LIMITS_H 1
| #define HAVE_STDLIB_H 1
| #define HAVE_MALLOC_H 1
| #define HAVE_STRING_H 1
| #define HAVE_UNISTD_H 1
| #define HAVE_STRINGS_H 1
| #define HAVE_SYS_TIME_H 1
| #define HAVE_TIME_H 1
| #define HAVE_SYS_RESOURCE_H 1
| #define HAVE_SYS_STAT_H 1
| #define HAVE_SYS_MMAN_H 1
| #define HAVE_FCNTL_H 1
| #define HAVE_ALLOCA_H 1
| #define HAVE_SYS_SYSINFO_H 1
| #define HAVE_STDINT_H 1
| #define HAVE_STDIO_EXT_H 1
| #define HAVE_SYS_PRCTL_H 1
| #define HAVE_SPAWN_H 1
| #define HAVE_SYS_WAIT_H 1
| #define TIME_WITH_SYS_TIME 1
| #define SIZEOF_INT 4
| #define SIZEOF_LONG 8
| #define SIZEOF_SIZE_T 8
| #define HAVE_LONG_LONG 1
| #define SIZEOF_LONG_LONG 8
| #define UNSIGNED_64BIT_TYPE uint64_t
| #define HAVE_INTPTR_T 1
| #define HAVE_UINTPTR_T 1
| #define HAVE_UINTPTR_T 1
| #define HAVE_ASPRINTF 1
| #define HAVE_ATEXIT 1
| #define HAVE_BASENAME 1
| #define HAVE_BCMP 1
| #define HAVE_BCOPY 1
| #define HAVE_BSEARCH 1
| #define HAVE_BZERO 1
| #define HAVE_CALLOC 1
| #define HAVE_CLOCK 1
| #define HAVE_FFS 1
| #define HAVE_GETCWD 1
| #define HAVE_GETPAGESIZE 1
| #define HAVE_GETTIMEOFDAY 1
| #define HAVE_INDEX 1
| #define HAVE_INSQUE 1
| #define HAVE_MEMCHR 1
| #define HAVE_MEMCMP 1
| #define HAVE_MEMCPY 1
| #define HAVE_MEMMEM 1
| #define HAVE_MEMMOVE 1
| #define HAVE_MEMPCPY 1
| #define HAVE_MEMSET 1
| #define HAVE_MKSTEMPS 1
| #define HAVE_PUTENV 1
| #define HAVE_RANDOM 1
| #define HAVE_RENAME 1
| #define HAVE_RINDEX 1
| #define HAVE_SETENV 1
| #define HAVE_SNPRINTF 1
| #define HAVE_SIGSETMASK 1
| #define HAVE_STPCPY 1
| #define HAVE_STPNCPY 1
| #define HAVE_STRCASECMP 1
| #define HAVE_STRCHR 1
| #define HAVE_STRDUP 1
| #define HAVE_STRNCASECMP 1
| #define HAVE_STRNDUP 1
| #define HAVE_STRNLEN 1
| #define HAVE_STRRCHR 1
| #define HAVE_STRSTR 1
| #define HAVE_STRTOD 1
| #define HAVE_STRTOL 1
| #define HAVE_STRTOUL 1
| #define HAVE_STRTOLL 1
| #define HAVE_STRTOULL 1
| #define HAVE_STRVERSCMP 1
| #define HAVE_TMPNAM 1
| #define HAVE_VASPRINTF 1
| #define HAVE_VFPRINTF 1
| #define HAVE_VPRINTF 1
| #define HAVE_VSNPRINTF 1
| #define HAVE_VSPRINTF 1
| #define HAVE_WAITPID 1
| #define STACK_DIRECTION -1
| #define HAVE_FORK 1
| #define HAVE_VFORK 1
| #define HAVE_WORKING_VFORK 1
| #define HAVE_WORKING_FORK 1
| #define HAVE_SYS_ERRLIST 1
| #define HAVE_SYS_NERR 1
| #define HAVE_SYS_SIGLIST 1
| #define HAVE___FSETLOCKING 1
| #define HAVE_CANONICALIZE_FILE_NAME 1
| #define HAVE_DUP3 1
| #define HAVE_GETRLIMIT 1
| #define HAVE_GETRUSAGE 1
| /* end confdefs.h.  */
| /* Define getsysinfo to an innocuous variant, in case <limits.h> declares getsysinfo.
|    For example, HP-UX 11i <limits.h> declares gettimeofday.  */
| #define getsysinfo innocuous_getsysinfo
| 
| /* System header to define __stub macros and hopefully few prototypes,
|     which can conflict with char getsysinfo (); below.
|     Prefer <limits.h> to <assert.h> if __STDC__ is defined, since
|     <limits.h> exists even on freestanding compilers.  */
| 
| #ifdef __STDC__
| # include <limits.h>
| #else
| # include <assert.h>
| #endif
| 
| #undef getsysinfo
| 
| /* Override any GCC internal prototype to avoid an error.
|    Use char because int might match the return type of a GCC
|    builtin and then its argument prototype would still apply.  */
| #ifdef __cplusplus
| extern "C"
| #endif
| char getsysinfo ();
| /* The GNU C library defines this for functions which it implements
|     to always fail with ENOSYS.  Some functions are actually named
|     something starting with __ and the normal name is an alias.  */
| #if defined __stub_getsysinfo || defined __stub___getsysinfo
| choke me
| #endif
| 
| int
| main ()
| {
| return getsysinfo ();
|   ;
|   return 0;
| }
configure:7345: result: no
configure:7345: checking for gettimeofday
configure:7345: result: yes
configure:7345: checking for on_exit
configure:7345: gcc -o conftest -g -O2        conftest.c  >&5
configure:7345: $? = 0
configure:7345: result: yes
configure:7345: checking for pipe2
configure:7345: gcc -o conftest -g -O2        conftest.c  >&5
configure:7345: $? = 0
configure:7345: result: yes
configure:7345: checking for posix_spawn
configure:7345: gcc -o conftest -g -O2        conftest.c  >&5
configure:7345: $? = 0
configure:7345: result: yes
configure:7345: checking for posix_spawnp
configure:7345: gcc -o conftest -g -O2        conftest.c  >&5
configure:7345: $? = 0
configure:7345: result: yes
configure:7345: checking for psignal
configure:7345: gcc -o conftest -g -O2        conftest.c  >&5
configure:7345: $? = 0
configure:7345: result: yes
configure:7345: checking for pstat_getdynamic
configure:7345: gcc -o conftest -g -O2        conftest.c  >&5
/usr/bin/ld: /tmp/ccn8oOVn.o: in function `main':
/root/AsmXoM/binutils-2.44/build/libiberty/conftest.c:161: undefined reference to `pstat_getdynamic'
collect2: error: ld returned 1 exit status
configure:7345: $? = 1
configure: failed program was:
| /* confdefs.h */
| #define PACKAGE_NAME ""
| #define PACKAGE_TARNAME ""
| #define PACKAGE_VERSION ""
| #define PACKAGE_STRING ""
| #define PACKAGE_BUGREPORT ""
| #define PACKAGE_URL ""
| #define STDC_HEADERS 1
| #define HAVE_SYS_TYPES_H 1
| #define HAVE_SYS_STAT_H 1
| #define HAVE_STDLIB_H 1
| #define HAVE_STRING_H 1
| #define HAVE_MEMORY_H 1
| #define HAVE_STRINGS_H 1
| #define HAVE_INTTYPES_H 1
| #define HAVE_STDINT_H 1
| #define HAVE_UNISTD_H 1
| #define __EXTENSIONS__ 1
| #define _ALL_SOURCE 1
| #define _GNU_SOURCE 1
| #define _POSIX_PTHREAD_SEMANTICS 1
| #define _TANDEM_SOURCE 1
| #define HAVE_SYS_FILE_H 1
| #define HAVE_SYS_PARAM_H 1
| #define HAVE_LIMITS_H 1
| #define HAVE_STDLIB_H 1
| #define HAVE_MALLOC_H 1
| #define HAVE_STRING_H 1
| #define HAVE_UNISTD_H 1
| #define HAVE_STRINGS_H 1
| #define HAVE_SYS_TIME_H 1
| #define HAVE_TIME_H 1
| #define HAVE_SYS_RESOURCE_H 1
| #define HAVE_SYS_STAT_H 1
| #define HAVE_SYS_MMAN_H 1
| #define HAVE_FCNTL_H 1
| #define HAVE_ALLOCA_H 1
| #define HAVE_SYS_SYSINFO_H 1
| #define HAVE_STDINT_H 1
| #define HAVE_STDIO_EXT_H 1
| #define HAVE_SYS_PRCTL_H 1
| #define HAVE_SPAWN_H 1
| #define HAVE_SYS_WAIT_H 1
| #define TIME_WITH_SYS_TIME 1
| #define SIZEOF_INT 4
| #define SIZEOF_LONG 8
| #define SIZEOF_SIZE_T 8
| #define HAVE_LONG_LONG 1
| #define SIZEOF_LONG_LONG 8
| #define UNSIGNED_64BIT_TYPE uint64_t
| #define HAVE_INTPTR_T 1
| #define HAVE_UINTPTR_T 1
| #define HAVE_UINTPTR_T 1
| #define HAVE_ASPRINTF 1
| #define HAVE_ATEXIT 1
| #define HAVE_BASENAME 1
| #define HAVE_BCMP 1
| #define HAVE_BCOPY 1
| #define HAVE_BSEARCH 1
| #define HAVE_BZERO 1
| #define HAVE_CALLOC 1
| #define HAVE_CLOCK 1
| #define HAVE_FFS 1
| #define HAVE_GETCWD 1
| #define HAVE_GETPAGESIZE 1
| #define HAVE_GETTIMEOFDAY 1
| #define HAVE_INDEX 1
| #define HAVE_INSQUE 1
| #define HAVE_MEMCHR 1
| #define HAVE_MEMCMP 1
| #define HAVE_MEMCPY 1
| #define HAVE_MEMMEM 1
| #define HAVE_MEMMOVE 1
| #define HAVE_MEMPCPY 1
| #define HAVE_MEMSET 1
| #define HAVE_MKSTEMPS 1
| #define HAVE_PUTENV 1
| #define HAVE_RANDOM 1
| #define HAVE_RENAME 1
| #define HAVE_RINDEX 1
| #define HAVE_SETENV 1
| #define HAVE_SNPRINTF 1
| #define HAVE_SIGSETMASK 1
| #define HAVE_STPCPY 1
| #define HAVE_STPNCPY 1
| #define HAVE_STRCASECMP 1
| #define HAVE_STRCHR 1
| #define HAVE_STRDUP 1
| #define HAVE_STRNCASECMP 1
| #define HAVE_STRNDUP 1
| #define HAVE_STRNLEN 1
| #define HAVE_STRRCHR 1
| #define HAVE_STRSTR 1
| #define HAVE_STRTOD 1
| #define HAVE_STRTOL 1
| #define HAVE_STRTOUL 1
| #define HAVE_STRTOLL 1
| #define HAVE_STRTOULL 1
| #define HAVE_STRVERSCMP 1
| #define HAVE_TMPNAM 1
| #define HAVE_VASPRINTF 1
| #define HAVE_VFPRINTF 1
| #define HAVE_VPRINTF 1
| #define HAVE_VSNPRINTF 1
| #define HAVE_VSPRINTF 1
| #define HAVE_WAITPID 1
| #define STACK_DIRECTION -1
| #define HAVE_FORK 1
| #define HAVE_VFORK 1
| #define HAVE_WORKING_VFORK 1
| #define HAVE_WORKING_FORK 1
| #define HAVE_SYS_ERRLIST 1
| #define HAVE_SYS_NERR 1
| #define HAVE_SYS_SIGLIST 1
| #define HAVE___FSETLOCKING 1
| #define HAVE_CANONICALIZE_FILE_NAME 1
| #define HAVE_DUP3 1
| #define HAVE_GETRLIMIT 1
| #define HAVE_GETRUSAGE 1
| #define HAVE_GETTIMEOFDAY 1
| #define HAVE_ON_EXIT 1
| #define HAVE_PIPE2 1
| #define HAVE_POSIX_SPAWN 1
| #define HAVE_POSIX_SPAWNP 1
| #define HAVE_PSIGNAL 1
| /* end confdefs.h.  */
| /* Define pstat_getdynamic to an innocuous variant, in case <limits.h> declares pstat_getdynamic.
|    For example, HP-UX 11i <limits.h> declares gettimeofday.  */
| #define pstat_getdynamic innocuous_pstat_getdynamic
| 
| /* System header to define __stub macros and hopefully few prototypes,
|     which can conflict with char pstat_getdynamic (); below.
|     Prefer <limits.h> to <assert.h> if __STDC__ is defined, since
|     <limits.h> exists even on freestanding compilers.  */
| 
| #ifdef __STDC__
| # include <limits.h>
| #else
| # include <assert.h>
| #endif
| 
| #undef pstat_getdynamic
| 
| /* Override any GCC internal prototype to avoid an error.
|    Use char because int might match the return type of a GCC
|    builtin and then its argument prototype would still apply.  */
| #ifdef __cplusplus
| extern "C"
| #endif
| char pstat_getdynamic ();
| /* The GNU C library defines this for functions which it implements
|     to always fail with ENOSYS.  Some functions are actually named
|     something starting with __ and the normal name is an alias.  */
| #if defined __stub_pstat_getdynamic || defined __stub___pstat_getdynamic
| choke me
| #endif
| 
| int
| main ()
| {
| return pstat_getdynamic ();
|   ;
|   return 0;
| }
configure:7345: result: no
configure:7345: checking for pstat_getstatic
configure:7345: gcc -o conftest -g -O2        conftest.c  >&5
/usr/bin/ld: /tmp/ccEWEsiM.o: in function `main':
/root/AsmXoM/binutils-2.44/build/libiberty/conftest.c:161: undefined reference to `pstat_getstatic'
collect2: error: ld returned 1 exit status
configure:7345: $? = 1
configure: failed program was:
| /* confdefs.h */
| #define PACKAGE_NAME ""
| #define PACKAGE_TARNAME ""
| #define PACKAGE_VERSION ""
| #define PACKAGE_STRING ""
| #define PACKAGE_BUGREPORT ""
| #define PACKAGE_URL ""
| #define STDC_HEADERS 1
| #define HAVE_SYS_TYPES_H 1
| #define HAVE_SYS_STAT_H 1
| #define HAVE_STDLIB_H 1
| #define HAVE_STRING_H 1
| #define HAVE_MEMORY_H 1
| #define HAVE_STRINGS_H 1
| #define HAVE_INTTYPES_H 1
| #define HAVE_STDINT_H 1
| #define HAVE_UNISTD_H 1
| #define __EXTENSIONS__ 1
| #define _ALL_SOURCE 1
| #define _GNU_SOURCE 1
| #define _POSIX_PTHREAD_SEMANTICS 1
| #define _TANDEM_SOURCE 1
| #define HAVE_SYS_FILE_H 1
| #define HAVE_SYS_PARAM_H 1
| #define HAVE_LIMITS_H 1
| #define HAVE_STDLIB_H 1
| #define HAVE_MALLOC_H 1
| #define HAVE_STRING_H 1
| #define HAVE_UNISTD_H 1
| #define HAVE_STRINGS_H 1
| #define HAVE_SYS_TIME_H 1
| #define HAVE_TIME_H 1
| #define HAVE_SYS_RESOURCE_H 1
| #define HAVE_SYS_STAT_H 1
| #define HAVE_SYS_MMAN_H 1
| #define HAVE_FCNTL_H 1
| #define HAVE_ALLOCA_H 1
| #define HAVE_SYS_SYSINFO_H 1
| #define HAVE_STDINT_H 1
| #define HAVE_STDIO_EXT_H 1
| #define HAVE_SYS_PRCTL_H 1
| #define HAVE_SPAWN_H 1
| #define HAVE_SYS_WAIT_H 1
| #define TIME_WITH_SYS_TIME 1
| #define SIZEOF_INT 4
| #define SIZEOF_LONG 8
| #define SIZEOF_SIZE_T 8
| #define HAVE_LONG_LONG 1
| #define SIZEOF_LONG_LONG 8
| #define UNSIGNED_64BIT_TYPE uint64_t
| #define HAVE_INTPTR_T 1
| #define HAVE_UINTPTR_T 1
| #define HAVE_UINTPTR_T 1
| #define HAVE_ASPRINTF 1
| #define HAVE_ATEXIT 1
| #define HAVE_BASENAME 1
| #define HAVE_BCMP 1
| #define HAVE_BCOPY 1
| #define HAVE_BSEARCH 1
| #define HAVE_BZERO 1
| #define HAVE_CALLOC 1
| #define HAVE_CLOCK 1
| #define HAVE_FFS 1
| #define HAVE_GETCWD 1
| #define HAVE_GETPAGESIZE 1
| #define HAVE_GETTIMEOFDAY 1
| #define HAVE_INDEX 1
| #define HAVE_INSQUE 1
| #define HAVE_MEMCHR 1
| #define HAVE_MEMCMP 1
| #define HAVE_MEMCPY 1
| #define HAVE_MEMMEM 1
| #define HAVE_MEMMOVE 1
| #define HAVE_MEMPCPY 1
| #define HAVE_MEMSET 1
| #define HAVE_MKSTEMPS 1
| #define HAVE_PUTENV 1
| #define HAVE_RANDOM 1
| #define HAVE_RENAME 1
| #define HAVE_RINDEX 1
| #define HAVE_SETENV 1
| #define HAVE_SNPRINTF 1
| #define HAVE_SIGSETMASK 1
| #define HAVE_STPCPY 1
| #define HAVE_STPNCPY 1
| #define HAVE_STRCASECMP 1
| #define HAVE_STRCHR 1
| #define HAVE_STRDUP 1
| #define HAVE_STRNCASECMP 1
| #define HAVE_STRNDUP 1
| #define HAVE_STRNLEN 1
| #define HAVE_STRRCHR 1
| #define HAVE_STRSTR 1
| #define HAVE_STRTOD 1
| #define HAVE_STRTOL 1
| #define HAVE_STRTOUL 1
| #define HAVE_STRTOLL 1
| #define HAVE_STRTOULL 1
| #define HAVE_STRVERSCMP 1
| #define HAVE_TMPNAM 1
| #define HAVE_VASPRINTF 1
| #define HAVE_VFPRINTF 1
| #define HAVE_VPRINTF 1
| #define HAVE_VSNPRINTF 1
| #define HAVE_VSPRINTF 1
| #define HAVE_WAITPID 1
| #define STACK_DIRECTION -1
| #define HAVE_FORK 1
| #define HAVE_VFORK 1
| #define HAVE_WORKING_VFORK 1
| #define HAVE_WORKING_FORK 1
| #define HAVE_SYS_ERRLIST 1
| #define HAVE_SYS_NERR 1
| #define HAVE_SYS_SIGLIST 1
| #define HAVE___FSETLOCKING 1
| #define HAVE_CANONICALIZE_FILE_NAME 1
| #define HAVE_DUP3 1
| #define HAVE_GETRLIMIT 1
| #define HAVE_GETRUSAGE 1
| #define HAVE_GETTIMEOFDAY 1
| #define HAVE_ON_EXIT 1
| #define HAVE_PIPE2 1
| #define HAVE_POSIX_SPAWN 1
| #define HAVE_POSIX_SPAWNP 1
| #define HAVE_PSIGNAL 1
| /* end confdefs.h.  */
| /* Define pstat_getstatic to an innocuous variant, in case <limits.h> declares pstat_getstatic.
|    For example, HP-UX 11i <limits.h> declares gettimeofday.  */
| #define pstat_getstatic innocuous_pstat_getstatic
| 
| /* System header to define __stub macros and hopefully few prototypes,
|     which can conflict with char pstat_getstatic (); below.
|     Prefer <limits.h> to <assert.h> if __STDC__ is defined, since
|     <limits.h> exists even on freestanding compilers.  */
| 
| #ifdef __STDC__
| # include <limits.h>
| #else
| # include <assert.h>
| #endif
| 
| #undef pstat_getstatic
| 
| /* Override any GCC internal prototype to avoid an error.
|    Use char because int might match the return type of a GCC
|    builtin and then its argument prototype would still apply.  */
| #ifdef __cplusplus
| extern "C"
| #endif
| char pstat_getstatic ();
| /* The GNU C library defines this for functions which it implements
|     to always fail with ENOSYS.  Some functions are actually named
|     something starting with __ and the normal name is an alias.  */
| #if defined __stub_pstat_getstatic || defined __stub___pstat_getstatic
| choke me
| #endif
| 
| int
| main ()
| {
| return pstat_getstatic ();
|   ;
|   return 0;
| }
configure:7345: result: no
configure:7345: checking for realpath
configure:7345: gcc -o conftest -g -O2        conftest.c  >&5
configure:7345: $? = 0
configure:7345: result: yes
configure:7345: checking for setrlimit
configure:7345: gcc -o conftest -g -O2        conftest.c  >&5
configure:7345: $? = 0
configure:7345: result: yes
configure:7345: checking for spawnve
configure:7345: gcc -o conftest -g -O2        conftest.c  >&5
/usr/bin/ld: /tmp/ccLQSmZP.o: in function `main':
/root/AsmXoM/binutils-2.44/build/libiberty/conftest.c:163: undefined reference to `spawnve'
collect2: error: ld returned 1 exit status
configure:7345: $? = 1
configure: failed program was:
| /* confdefs.h */
| #define PACKAGE_NAME ""
| #define PACKAGE_TARNAME ""
| #define PACKAGE_VERSION ""
| #define PACKAGE_STRING ""
| #define PACKAGE_BUGREPORT ""
| #define PACKAGE_URL ""
| #define STDC_HEADERS 1
| #define HAVE_SYS_TYPES_H 1
| #define HAVE_SYS_STAT_H 1
| #define HAVE_STDLIB_H 1
| #define HAVE_STRING_H 1
| #define HAVE_MEMORY_H 1
| #define HAVE_STRINGS_H 1
| #define HAVE_INTTYPES_H 1
| #define HAVE_STDINT_H 1
| #define HAVE_UNISTD_H 1
| #define __EXTENSIONS__ 1
| #define _ALL_SOURCE 1
| #define _GNU_SOURCE 1
| #define _POSIX_PTHREAD_SEMANTICS 1
| #define _TANDEM_SOURCE 1
| #define HAVE_SYS_FILE_H 1
| #define HAVE_SYS_PARAM_H 1
| #define HAVE_LIMITS_H 1
| #define HAVE_STDLIB_H 1
| #define HAVE_MALLOC_H 1
| #define HAVE_STRING_H 1
| #define HAVE_UNISTD_H 1
| #define HAVE_STRINGS_H 1
| #define HAVE_SYS_TIME_H 1
| #define HAVE_TIME_H 1
| #define HAVE_SYS_RESOURCE_H 1
| #define HAVE_SYS_STAT_H 1
| #define HAVE_SYS_MMAN_H 1
| #define HAVE_FCNTL_H 1
| #define HAVE_ALLOCA_H 1
| #define HAVE_SYS_SYSINFO_H 1
| #define HAVE_STDINT_H 1
| #define HAVE_STDIO_EXT_H 1
| #define HAVE_SYS_PRCTL_H 1
| #define HAVE_SPAWN_H 1
| #define HAVE_SYS_WAIT_H 1
| #define TIME_WITH_SYS_TIME 1
| #define SIZEOF_INT 4
| #define SIZEOF_LONG 8
| #define SIZEOF_SIZE_T 8
| #define HAVE_LONG_LONG 1
| #define SIZEOF_LONG_LONG 8
| #define UNSIGNED_64BIT_TYPE uint64_t
| #define HAVE_INTPTR_T 1
| #define HAVE_UINTPTR_T 1
| #define HAVE_UINTPTR_T 1
| #define HAVE_ASPRINTF 1
| #define HAVE_ATEXIT 1
| #define HAVE_BASENAME 1
| #define HAVE_BCMP 1
| #define HAVE_BCOPY 1
| #define HAVE_BSEARCH 1
| #define HAVE_BZERO 1
| #define HAVE_CALLOC 1
| #define HAVE_CLOCK 1
| #define HAVE_FFS 1
| #define HAVE_GETCWD 1
| #define HAVE_GETPAGESIZE 1
| #define HAVE_GETTIMEOFDAY 1
| #define HAVE_INDEX 1
| #define HAVE_INSQUE 1
| #define HAVE_MEMCHR 1
| #define HAVE_MEMCMP 1
| #define HAVE_MEMCPY 1
| #define HAVE_MEMMEM 1
| #define HAVE_MEMMOVE 1
| #define HAVE_MEMPCPY 1
| #define HAVE_MEMSET 1
| #define HAVE_MKSTEMPS 1
| #define HAVE_PUTENV 1
| #define HAVE_RANDOM 1
| #define HAVE_RENAME 1
| #define HAVE_RINDEX 1
| #define HAVE_SETENV 1
| #define HAVE_SNPRINTF 1
| #define HAVE_SIGSETMASK 1
| #define HAVE_STPCPY 1
| #define HAVE_STPNCPY 1
| #define HAVE_STRCASECMP 1
| #define HAVE_STRCHR 1
| #define HAVE_STRDUP 1
| #define HAVE_STRNCASECMP 1
| #define HAVE_STRNDUP 1
| #define HAVE_STRNLEN 1
| #define HAVE_STRRCHR 1
| #define HAVE_STRSTR 1
| #define HAVE_STRTOD 1
| #define HAVE_STRTOL 1
| #define HAVE_STRTOUL 1
| #define HAVE_STRTOLL 1
| #define HAVE_STRTOULL 1
| #define HAVE_STRVERSCMP 1
| #define HAVE_TMPNAM 1
| #define HAVE_VASPRINTF 1
| #define HAVE_VFPRINTF 1
| #define HAVE_VPRINTF 1
| #define HAVE_VSNPRINTF 1
| #define HAVE_VSPRINTF 1
| #define HAVE_WAITPID 1
| #define STACK_DIRECTION -1
| #define HAVE_FORK 1
| #define HAVE_VFORK 1
| #define HAVE_WORKING_VFORK 1
| #define HAVE_WORKING_FORK 1
| #define HAVE_SYS_ERRLIST 1
| #define HAVE_SYS_NERR 1
| #define HAVE_SYS_SIGLIST 1
| #define HAVE___FSETLOCKING 1
| #define HAVE_CANONICALIZE_FILE_NAME 1
| #define HAVE_DUP3 1
| #define HAVE_GETRLIMIT 1
| #define HAVE_GETRUSAGE 1
| #define HAVE_GETTIMEOFDAY 1
| #define HAVE_ON_EXIT 1
| #define HAVE_PIPE2 1
| #define HAVE_POSIX_SPAWN 1
| #define HAVE_POSIX_SPAWNP 1
| #define HAVE_PSIGNAL 1
| #define HAVE_REALPATH 1
| #define HAVE_SETRLIMIT 1
| /* end confdefs.h.  */
| /* Define spawnve to an innocuous variant, in case <limits.h> declares spawnve.
|    For example, HP-UX 11i <limits.h> declares gettimeofday.  */
| #define spawnve innocuous_spawnve
| 
| /* System header to define __stub macros and hopefully few prototypes,
|     which can conflict with char spawnve (); below.
|     Prefer <limits.h> to <assert.h> if __STDC__ is defined, since
|     <limits.h> exists even on freestanding compilers.  */
| 
| #ifdef __STDC__
| # include <limits.h>
| #else
| # include <assert.h>
| #endif
| 
| #undef spawnve
| 
| /* Override any GCC internal prototype to avoid an error.
|    Use char because int might match the return type of a GCC
|    builtin and then its argument prototype would still apply.  */
| #ifdef __cplusplus
| extern "C"
| #endif
| char spawnve ();
| /* The GNU C library defines this for functions which it implements
|     to always fail with ENOSYS.  Some functions are actually named
|     something starting with __ and the normal name is an alias.  */
| #if defined __stub_spawnve || defined __stub___spawnve
| choke me
| #endif
| 
| int
| main ()
| {
| return spawnve ();
|   ;
|   return 0;
| }
configure:7345: result: no
configure:7345: checking for spawnvpe
configure:7345: gcc -o conftest -g -O2        conftest.c  >&5
/usr/bin/ld: /tmp/ccb4IYmJ.o: in function `main':
/root/AsmXoM/binutils-2.44/build/libiberty/conftest.c:163: undefined reference to `spawnvpe'
collect2: error: ld returned 1 exit status
configure:7345: $? = 1
configure: failed program was:
| /* confdefs.h */
| #define PACKAGE_NAME ""
| #define PACKAGE_TARNAME ""
| #define PACKAGE_VERSION ""
| #define PACKAGE_STRING ""
| #define PACKAGE_BUGREPORT ""
| #define PACKAGE_URL ""
| #define STDC_HEADERS 1
| #define HAVE_SYS_TYPES_H 1
| #define HAVE_SYS_STAT_H 1
| #define HAVE_STDLIB_H 1
| #define HAVE_STRING_H 1
| #define HAVE_MEMORY_H 1
| #define HAVE_STRINGS_H 1
| #define HAVE_INTTYPES_H 1
| #define HAVE_STDINT_H 1
| #define HAVE_UNISTD_H 1
| #define __EXTENSIONS__ 1
| #define _ALL_SOURCE 1
| #define _GNU_SOURCE 1
| #define _POSIX_PTHREAD_SEMANTICS 1
| #define _TANDEM_SOURCE 1
| #define HAVE_SYS_FILE_H 1
| #define HAVE_SYS_PARAM_H 1
| #define HAVE_LIMITS_H 1
| #define HAVE_STDLIB_H 1
| #define HAVE_MALLOC_H 1
| #define HAVE_STRING_H 1
| #define HAVE_UNISTD_H 1
| #define HAVE_STRINGS_H 1
| #define HAVE_SYS_TIME_H 1
| #define HAVE_TIME_H 1
| #define HAVE_SYS_RESOURCE_H 1
| #define HAVE_SYS_STAT_H 1
| #define HAVE_SYS_MMAN_H 1
| #define HAVE_FCNTL_H 1
| #define HAVE_ALLOCA_H 1
| #define HAVE_SYS_SYSINFO_H 1
| #define HAVE_STDINT_H 1
| #define HAVE_STDIO_EXT_H 1
| #define HAVE_SYS_PRCTL_H 1
| #define HAVE_SPAWN_H 1
| #define HAVE_SYS_WAIT_H 1
| #define TIME_WITH_SYS_TIME 1
| #define SIZEOF_INT 4
| #define SIZEOF_LONG 8
| #define SIZEOF_SIZE_T 8
| #define HAVE_LONG_LONG 1
| #define SIZEOF_LONG_LONG 8
| #define UNSIGNED_64BIT_TYPE uint64_t
| #define HAVE_INTPTR_T 1
| #define HAVE_UINTPTR_T 1
| #define HAVE_UINTPTR_T 1
| #define HAVE_ASPRINTF 1
| #define HAVE_ATEXIT 1
| #define HAVE_BASENAME 1
| #define HAVE_BCMP 1
| #define HAVE_BCOPY 1
| #define HAVE_BSEARCH 1
| #define HAVE_BZERO 1
| #define HAVE_CALLOC 1
| #define HAVE_CLOCK 1
| #define HAVE_FFS 1
| #define HAVE_GETCWD 1
| #define HAVE_GETPAGESIZE 1
| #define HAVE_GETTIMEOFDAY 1
| #define HAVE_INDEX 1
| #define HAVE_INSQUE 1
| #define HAVE_MEMCHR 1
| #define HAVE_MEMCMP 1
| #define HAVE_MEMCPY 1
| #define HAVE_MEMMEM 1
| #define HAVE_MEMMOVE 1
| #define HAVE_MEMPCPY 1
| #define HAVE_MEMSET 1
| #define HAVE_MKSTEMPS 1
| #define HAVE_PUTENV 1
| #define HAVE_RANDOM 1
| #define HAVE_RENAME 1
| #define HAVE_RINDEX 1
| #define HAVE_SETENV 1
| #define HAVE_SNPRINTF 1
| #define HAVE_SIGSETMASK 1
| #define HAVE_STPCPY 1
| #define HAVE_STPNCPY 1
| #define HAVE_STRCASECMP 1
| #define HAVE_STRCHR 1
| #define HAVE_STRDUP 1
| #define HAVE_STRNCASECMP 1
| #define HAVE_STRNDUP 1
| #define HAVE_STRNLEN 1
| #define HAVE_STRRCHR 1
| #define HAVE_STRSTR 1
| #define HAVE_STRTOD 1
| #define HAVE_STRTOL 1
| #define HAVE_STRTOUL 1
| #define HAVE_STRTOLL 1
| #define HAVE_STRTOULL 1
| #define HAVE_STRVERSCMP 1
| #define HAVE_TMPNAM 1
| #define HAVE_VASPRINTF 1
| #define HAVE_VFPRINTF 1
| #define HAVE_VPRINTF 1
| #define HAVE_VSNPRINTF 1
| #define HAVE_VSPRINTF 1
| #define HAVE_WAITPID 1
| #define STACK_DIRECTION -1
| #define HAVE_FORK 1
| #define HAVE_VFORK 1
| #define HAVE_WORKING_VFORK 1
| #define HAVE_WORKING_FORK 1
| #define HAVE_SYS_ERRLIST 1
| #define HAVE_SYS_NERR 1
| #define HAVE_SYS_SIGLIST 1
| #define HAVE___FSETLOCKING 1
| #define HAVE_CANONICALIZE_FILE_NAME 1
| #define HAVE_DUP3 1
| #define HAVE_GETRLIMIT 1
| #define HAVE_GETRUSAGE 1
| #define HAVE_GETTIMEOFDAY 1
| #define HAVE_ON_EXIT 1
| #define HAVE_PIPE2 1
| #define HAVE_POSIX_SPAWN 1
| #define HAVE_POSIX_SPAWNP 1
| #define HAVE_PSIGNAL 1
| #define HAVE_REALPATH 1
| #define HAVE_SETRLIMIT 1
| /* end confdefs.h.  */
| /* Define spawnvpe to an innocuous variant, in case <limits.h> declares spawnvpe.
|    For example, HP-UX 11i <limits.h> declares gettimeofday.  */
| #define spawnvpe innocuous_spawnvpe
| 
| /* System header to define __stub macros and hopefully few prototypes,
|     which can conflict with char spawnvpe (); below.
|     Prefer <limits.h> to <assert.h> if __STDC__ is defined, since
|     <limits.h> exists even on freestanding compilers.  */
| 
| #ifdef __STDC__
| # include <limits.h>
| #else
| # include <assert.h>
| #endif
| 
| #undef spawnvpe
| 
| /* Override any GCC internal prototype to avoid an error.
|    Use char because int might match the return type of a GCC
|    builtin and then its argument prototype would still apply.  */
| #ifdef __cplusplus
| extern "C"
| #endif
| char spawnvpe ();
| /* The GNU C library defines this for functions which it implements
|     to always fail with ENOSYS.  Some functions are actually named
|     something starting with __ and the normal name is an alias.  */
| #if defined __stub_spawnvpe || defined __stub___spawnvpe
| choke me
| #endif
| 
| int
| main ()
| {
| return spawnvpe ();
|   ;
|   return 0;
| }
configure:7345: result: no
configure:7345: checking for strerror
configure:7345: gcc -o conftest -g -O2        conftest.c  >&5
configure:7345: $? = 0
configure:7345: result: yes
configure:7345: checking for strsignal
configure:7345: gcc -o conftest -g -O2        conftest.c  >&5
configure:7345: $? = 0
configure:7345: result: yes
configure:7345: checking for sysconf
configure:7345: gcc -o conftest -g -O2        conftest.c  >&5
configure:7345: $? = 0
configure:7345: result: yes
configure:7345: checking for sysctl
configure:7345: gcc -o conftest -g -O2        conftest.c  >&5
configure:7345: $? = 0
configure:7345: result: yes
configure:7345: checking for sysmp
configure:7345: gcc -o conftest -g -O2        conftest.c  >&5
/usr/bin/ld: /tmp/ccSyR33a.o: in function `main':
/root/AsmXoM/binutils-2.44/build/libiberty/conftest.c:167: undefined reference to `sysmp'
collect2: error: ld returned 1 exit status
configure:7345: $? = 1
configure: failed program was:
| /* confdefs.h */
| #define PACKAGE_NAME ""
| #define PACKAGE_TARNAME ""
| #define PACKAGE_VERSION ""
| #define PACKAGE_STRING ""
| #define PACKAGE_BUGREPORT ""
| #define PACKAGE_URL ""
| #define STDC_HEADERS 1
| #define HAVE_SYS_TYPES_H 1
| #define HAVE_SYS_STAT_H 1
| #define HAVE_STDLIB_H 1
| #define HAVE_STRING_H 1
| #define HAVE_MEMORY_H 1
| #define HAVE_STRINGS_H 1
| #define HAVE_INTTYPES_H 1
| #define HAVE_STDINT_H 1
| #define HAVE_UNISTD_H 1
| #define __EXTENSIONS__ 1
| #define _ALL_SOURCE 1
| #define _GNU_SOURCE 1
| #define _POSIX_PTHREAD_SEMANTICS 1
| #define _TANDEM_SOURCE 1
| #define HAVE_SYS_FILE_H 1
| #define HAVE_SYS_PARAM_H 1
| #define HAVE_LIMITS_H 1
| #define HAVE_STDLIB_H 1
| #define HAVE_MALLOC_H 1
| #define HAVE_STRING_H 1
| #define HAVE_UNISTD_H 1
| #define HAVE_STRINGS_H 1
| #define HAVE_SYS_TIME_H 1
| #define HAVE_TIME_H 1
| #define HAVE_SYS_RESOURCE_H 1
| #define HAVE_SYS_STAT_H 1
| #define HAVE_SYS_MMAN_H 1
| #define HAVE_FCNTL_H 1
| #define HAVE_ALLOCA_H 1
| #define HAVE_SYS_SYSINFO_H 1
| #define HAVE_STDINT_H 1
| #define HAVE_STDIO_EXT_H 1
| #define HAVE_SYS_PRCTL_H 1
| #define HAVE_SPAWN_H 1
| #define HAVE_SYS_WAIT_H 1
| #define TIME_WITH_SYS_TIME 1
| #define SIZEOF_INT 4
| #define SIZEOF_LONG 8
| #define SIZEOF_SIZE_T 8
| #define HAVE_LONG_LONG 1
| #define SIZEOF_LONG_LONG 8
| #define UNSIGNED_64BIT_TYPE uint64_t
| #define HAVE_INTPTR_T 1
| #define HAVE_UINTPTR_T 1
| #define HAVE_UINTPTR_T 1
| #define HAVE_ASPRINTF 1
| #define HAVE_ATEXIT 1
| #define HAVE_BASENAME 1
| #define HAVE_BCMP 1
| #define HAVE_BCOPY 1
| #define HAVE_BSEARCH 1
| #define HAVE_BZERO 1
| #define HAVE_CALLOC 1
| #define HAVE_CLOCK 1
| #define HAVE_FFS 1
| #define HAVE_GETCWD 1
| #define HAVE_GETPAGESIZE 1
| #define HAVE_GETTIMEOFDAY 1
| #define HAVE_INDEX 1
| #define HAVE_INSQUE 1
| #define HAVE_MEMCHR 1
| #define HAVE_MEMCMP 1
| #define HAVE_MEMCPY 1
| #define HAVE_MEMMEM 1
| #define HAVE_MEMMOVE 1
| #define HAVE_MEMPCPY 1
| #define HAVE_MEMSET 1
| #define HAVE_MKSTEMPS 1
| #define HAVE_PUTENV 1
| #define HAVE_RANDOM 1
| #define HAVE_RENAME 1
| #define HAVE_RINDEX 1
| #define HAVE_SETENV 1
| #define HAVE_SNPRINTF 1
| #define HAVE_SIGSETMASK 1
| #define HAVE_STPCPY 1
| #define HAVE_STPNCPY 1
| #define HAVE_STRCASECMP 1
| #define HAVE_STRCHR 1
| #define HAVE_STRDUP 1
| #define HAVE_STRNCASECMP 1
| #define HAVE_STRNDUP 1
| #define HAVE_STRNLEN 1
| #define HAVE_STRRCHR 1
| #define HAVE_STRSTR 1
| #define HAVE_STRTOD 1
| #define HAVE_STRTOL 1
| #define HAVE_STRTOUL 1
| #define HAVE_STRTOLL 1
| #define HAVE_STRTOULL 1
| #define HAVE_STRVERSCMP 1
| #define HAVE_TMPNAM 1
| #define HAVE_VASPRINTF 1
| #define HAVE_VFPRINTF 1
| #define HAVE_VPRINTF 1
| #define HAVE_VSNPRINTF 1
| #define HAVE_VSPRINTF 1
| #define HAVE_WAITPID 1
| #define STACK_DIRECTION -1
| #define HAVE_FORK 1
| #define HAVE_VFORK 1
| #define HAVE_WORKING_VFORK 1
| #define HAVE_WORKING_FORK 1
| #define HAVE_SYS_ERRLIST 1
| #define HAVE_SYS_NERR 1
| #define HAVE_SYS_SIGLIST 1
| #define HAVE___FSETLOCKING 1
| #define HAVE_CANONICALIZE_FILE_NAME 1
| #define HAVE_DUP3 1
| #define HAVE_GETRLIMIT 1
| #define HAVE_GETRUSAGE 1
| #define HAVE_GETTIMEOFDAY 1
| #define HAVE_ON_EXIT 1
| #define HAVE_PIPE2 1
| #define HAVE_POSIX_SPAWN 1
| #define HAVE_POSIX_SPAWNP 1
| #define HAVE_PSIGNAL 1
| #define HAVE_REALPATH 1
| #define HAVE_SETRLIMIT 1
| #define HAVE_STRERROR 1
| #define HAVE_STRSIGNAL 1
| #define HAVE_SYSCONF 1
| #define HAVE_SYSCTL 1
| /* end confdefs.h.  */
| /* Define sysmp to an innocuous variant, in case <limits.h> declares sysmp.
|    For example, HP-UX 11i <limits.h> declares gettimeofday.  */
| #define sysmp innocuous_sysmp
| 
| /* System header to define __stub macros and hopefully few prototypes,
|     which can conflict with char sysmp (); below.
|     Prefer <limits.h> to <assert.h> if __STDC__ is defined, since
|     <limits.h> exists even on freestanding compilers.  */
| 
| #ifdef __STDC__
| # include <limits.h>
| #else
| # include <assert.h>
| #endif
| 
| #undef sysmp
| 
| /* Override any GCC internal prototype to avoid an error.
|    Use char because int might match the return type of a GCC
|    builtin and then its argument prototype would still apply.  */
| #ifdef __cplusplus
| extern "C"
| #endif
| char sysmp ();
| /* The GNU C library defines this for functions which it implements
|     to always fail with ENOSYS.  Some functions are actually named
|     something starting with __ and the normal name is an alias.  */
| #if defined __stub_sysmp || defined __stub___sysmp
| choke me
| #endif
| 
| int
| main ()
| {
| return sysmp ();
|   ;
|   return 0;
| }
configure:7345: result: no
configure:7345: checking for table
configure:7345: gcc -o conftest -g -O2        conftest.c  >&5
/usr/bin/ld: /tmp/ccEs0WHQ.o: in function `main':
/root/AsmXoM/binutils-2.44/build/libiberty/conftest.c:167: undefined reference to `table'
collect2: error: ld returned 1 exit status
configure:7345: $? = 1
configure: failed program was:
| /* confdefs.h */
| #define PACKAGE_NAME ""
| #define PACKAGE_TARNAME ""
| #define PACKAGE_VERSION ""
| #define PACKAGE_STRING ""
| #define PACKAGE_BUGREPORT ""
| #define PACKAGE_URL ""
| #define STDC_HEADERS 1
| #define HAVE_SYS_TYPES_H 1
| #define HAVE_SYS_STAT_H 1
| #define HAVE_STDLIB_H 1
| #define HAVE_STRING_H 1
| #define HAVE_MEMORY_H 1
| #define HAVE_STRINGS_H 1
| #define HAVE_INTTYPES_H 1
| #define HAVE_STDINT_H 1
| #define HAVE_UNISTD_H 1
| #define __EXTENSIONS__ 1
| #define _ALL_SOURCE 1
| #define _GNU_SOURCE 1
| #define _POSIX_PTHREAD_SEMANTICS 1
| #define _TANDEM_SOURCE 1
| #define HAVE_SYS_FILE_H 1
| #define HAVE_SYS_PARAM_H 1
| #define HAVE_LIMITS_H 1
| #define HAVE_STDLIB_H 1
| #define HAVE_MALLOC_H 1
| #define HAVE_STRING_H 1
| #define HAVE_UNISTD_H 1
| #define HAVE_STRINGS_H 1
| #define HAVE_SYS_TIME_H 1
| #define HAVE_TIME_H 1
| #define HAVE_SYS_RESOURCE_H 1
| #define HAVE_SYS_STAT_H 1
| #define HAVE_SYS_MMAN_H 1
| #define HAVE_FCNTL_H 1
| #define HAVE_ALLOCA_H 1
| #define HAVE_SYS_SYSINFO_H 1
| #define HAVE_STDINT_H 1
| #define HAVE_STDIO_EXT_H 1
| #define HAVE_SYS_PRCTL_H 1
| #define HAVE_SPAWN_H 1
| #define HAVE_SYS_WAIT_H 1
| #define TIME_WITH_SYS_TIME 1
| #define SIZEOF_INT 4
| #define SIZEOF_LONG 8
| #define SIZEOF_SIZE_T 8
| #define HAVE_LONG_LONG 1
| #define SIZEOF_LONG_LONG 8
| #define UNSIGNED_64BIT_TYPE uint64_t
| #define HAVE_INTPTR_T 1
| #define HAVE_UINTPTR_T 1
| #define HAVE_UINTPTR_T 1
| #define HAVE_ASPRINTF 1
| #define HAVE_ATEXIT 1
| #define HAVE_BASENAME 1
| #define HAVE_BCMP 1
| #define HAVE_BCOPY 1
| #define HAVE_BSEARCH 1
| #define HAVE_BZERO 1
| #define HAVE_CALLOC 1
| #define HAVE_CLOCK 1
| #define HAVE_FFS 1
| #define HAVE_GETCWD 1
| #define HAVE_GETPAGESIZE 1
| #define HAVE_GETTIMEOFDAY 1
| #define HAVE_INDEX 1
| #define HAVE_INSQUE 1
| #define HAVE_MEMCHR 1
| #define HAVE_MEMCMP 1
| #define HAVE_MEMCPY 1
| #define HAVE_MEMMEM 1
| #define HAVE_MEMMOVE 1
| #define HAVE_MEMPCPY 1
| #define HAVE_MEMSET 1
| #define HAVE_MKSTEMPS 1
| #define HAVE_PUTENV 1
| #define HAVE_RANDOM 1
| #define HAVE_RENAME 1
| #define HAVE_RINDEX 1
| #define HAVE_SETENV 1
| #define HAVE_SNPRINTF 1
| #define HAVE_SIGSETMASK 1
| #define HAVE_STPCPY 1
| #define HAVE_STPNCPY 1
| #define HAVE_STRCASECMP 1
| #define HAVE_STRCHR 1
| #define HAVE_STRDUP 1
| #define HAVE_STRNCASECMP 1
| #define HAVE_STRNDUP 1
| #define HAVE_STRNLEN 1
| #define HAVE_STRRCHR 1
| #define HAVE_STRSTR 1
| #define HAVE_STRTOD 1
| #define HAVE_STRTOL 1
| #define HAVE_STRTOUL 1
| #define HAVE_STRTOLL 1
| #define HAVE_STRTOULL 1
| #define HAVE_STRVERSCMP 1
| #define HAVE_TMPNAM 1
| #define HAVE_VASPRINTF 1
| #define HAVE_VFPRINTF 1
| #define HAVE_VPRINTF 1
| #define HAVE_VSNPRINTF 1
| #define HAVE_VSPRINTF 1
| #define HAVE_WAITPID 1
| #define STACK_DIRECTION -1
| #define HAVE_FORK 1
| #define HAVE_VFORK 1
| #define HAVE_WORKING_VFORK 1
| #define HAVE_WORKING_FORK 1
| #define HAVE_SYS_ERRLIST 1
| #define HAVE_SYS_NERR 1
| #define HAVE_SYS_SIGLIST 1
| #define HAVE___FSETLOCKING 1
| #define HAVE_CANONICALIZE_FILE_NAME 1
| #define HAVE_DUP3 1
| #define HAVE_GETRLIMIT 1
| #define HAVE_GETRUSAGE 1
| #define HAVE_GETTIMEOFDAY 1
| #define HAVE_ON_EXIT 1
| #define HAVE_PIPE2 1
| #define HAVE_POSIX_SPAWN 1
| #define HAVE_POSIX_SPAWNP 1
| #define HAVE_PSIGNAL 1
| #define HAVE_REALPATH 1
| #define HAVE_SETRLIMIT 1
| #define HAVE_STRERROR 1
| #define HAVE_STRSIGNAL 1
| #define HAVE_SYSCONF 1
| #define HAVE_SYSCTL 1
| /* end confdefs.h.  */
| /* Define table to an innocuous variant, in case <limits.h> declares table.
|    For example, HP-UX 11i <limits.h> declares gettimeofday.  */
| #define table innocuous_table
| 
| /* System header to define __stub macros and hopefully few prototypes,
|     which can conflict with char table (); below.
|     Prefer <limits.h> to <assert.h> if __STDC__ is defined, since
|     <limits.h> exists even on freestanding compilers.  */
| 
| #ifdef __STDC__
| # include <limits.h>
| #else
| # include <assert.h>
| #endif
| 
| #undef table
| 
| /* Override any GCC internal prototype to avoid an error.
|    Use char because int might match the return type of a GCC
|    builtin and then its argument prototype would still apply.  */
| #ifdef __cplusplus
| extern "C"
| #endif
| char table ();
| /* The GNU C library defines this for functions which it implements
|     to always fail with ENOSYS.  Some functions are actually named
|     something starting with __ and the normal name is an alias.  */
| #if defined __stub_table || defined __stub___table
| choke me
| #endif
| 
| int
| main ()
| {
| return table ();
|   ;
|   return 0;
| }
configure:7345: result: no
configure:7345: checking for times
configure:7345: gcc -o conftest -g -O2        conftest.c  >&5
configure:7345: $? = 0
configure:7345: result: yes
configure:7345: checking for wait3
configure:7345: gcc -o conftest -g -O2        conftest.c  >&5
configure:7345: $? = 0
configure:7345: result: yes
configure:7345: checking for wait4
configure:7345: gcc -o conftest -g -O2        conftest.c  >&5
configure:7345: $? = 0
configure:7345: result: yes
configure:7345: checking for sbrk
configure:7345: gcc -o conftest -g -O2        conftest.c  >&5
configure:7345: $? = 0
configure:7345: result: yes
configure:7355: checking whether basename is declared
configure:7355: gcc -c -g -O2      conftest.c >&5
configure:7355: $? = 0
configure:7355: result: yes
configure:7365: checking whether ffs is declared
configure:7365: gcc -c -g -O2      conftest.c >&5
configure:7365: $? = 0
configure:7365: result: yes
configure:7375: checking whether asprintf is declared
configure:7375: gcc -c -g -O2      conftest.c >&5
configure:7375: $? = 0
configure:7375: result: yes
configure:7385: checking whether vasprintf is declared
configure:7385: gcc -c -g -O2      conftest.c >&5
configure:7385: $? = 0
configure:7385: result: yes
configure:7395: checking whether snprintf is declared
configure:7395: gcc -c -g -O2      conftest.c >&5
configure:7395: $? = 0
configure:7395: result: yes
configure:7405: checking whether vsnprintf is declared
configure:7405: gcc -c -g -O2      conftest.c >&5
configure:7405: $? = 0
configure:7405: result: yes
configure:7416: checking whether calloc is declared
configure:7416: gcc -c -g -O2      conftest.c >&5
configure:7416: $? = 0
configure:7416: result: yes
configure:7426: checking whether getenv is declared
configure:7426: gcc -c -g -O2      conftest.c >&5
configure:7426: $? = 0
configure:7426: result: yes
configure:7436: checking whether getopt is declared
configure:7436: gcc -c -g -O2      conftest.c >&5
configure:7436: $? = 0
configure:7436: result: yes
configure:7446: checking whether malloc is declared
configure:7446: gcc -c -g -O2      conftest.c >&5
configure:7446: $? = 0
configure:7446: result: yes
configure:7456: checking whether realloc is declared
configure:7456: gcc -c -g -O2      conftest.c >&5
configure:7456: $? = 0
configure:7456: result: yes
configure:7469: checking whether sbrk is declared
configure:7469: gcc -c -g -O2      conftest.c >&5
configure:7469: $? = 0
configure:7469: result: yes
configure:7481: checking whether strtol is declared
configure:7481: gcc -c -g -O2      conftest.c >&5
configure:7481: $? = 0
configure:7481: result: yes
configure:7491: checking whether strtoul is declared
configure:7491: gcc -c -g -O2      conftest.c >&5
configure:7491: $? = 0
configure:7491: result: yes
configure:7501: checking whether strtoll is declared
configure:7501: gcc -c -g -O2      conftest.c >&5
configure:7501: $? = 0
configure:7501: result: yes
configure:7511: checking whether strtoull is declared
configure:7511: gcc -c -g -O2      conftest.c >&5
configure:7511: $? = 0
configure:7511: result: yes
configure:7522: checking whether strverscmp is declared
configure:7522: gcc -c -g -O2      conftest.c >&5
configure:7522: $? = 0
configure:7522: result: yes
configure:7533: checking whether strnlen is declared
configure:7533: gcc -c -g -O2      conftest.c >&5
configure:7533: $? = 0
configure:7533: result: yes
configure:7544: checking whether canonicalize_file_name must be declared
configure:7575: gcc -c -g -O2      conftest.c >&5
configure:7575: $? = 0
configure:7583: result: no
configure:7602: checking for SHA1 HW acceleration support
configure:7650: gcc -c -g -O2      conftest.c >&5
configure:7650: $? = 0
configure:7651: result: x86 SHA1
configure:7668: checking for stdlib.h
configure:7668: result: yes
configure:7668: checking for unistd.h
configure:7668: result: yes
configure:7668: checking for sys/param.h
configure:7668: result: yes
configure:7695: checking for getpagesize
configure:7695: result: yes
configure:7704: checking for working mmap
configure:7851: gcc -o conftest -g -O2        conftest.c  >&5
configure:7851: $? = 0
configure:7851: ./conftest
configure:7851: $? = 0
configure:7861: result: yes
configure:7874: checking for working strncmp
configure:7949: gcc -o conftest -g -O2        conftest.c  >&5
configure:7949: $? = 0
configure:7949: ./conftest
configure:7949: $? = 0
configure:7960: result: yes
configure:8057: updating cache ./config.cache
configure:8107: creating ./config.status

## ---------------------- ##
## Running config.status. ##
## ---------------------- ##

This file was extended by config.status, which was
generated by GNU Autoconf 2.69.  Invocation command line was

  CONFIG_FILES    = 
  CONFIG_HEADERS  = 
  CONFIG_LINKS    = 
  CONFIG_COMMANDS = 
  $ ./config.status 

on f29a80703b68

config.status:1021: creating Makefile
config.status:1021: creating testsuite/Makefile
config.status:1021: creating config.h
config.status:1200: executing default commands

## ---------------- ##
## Cache variables. ##
## ---------------- ##

ac_cv_build=x86_64-pc-linux-gnu
ac_cv_c_bigendian=no
ac_cv_c_compiler_gnu=yes
ac_cv_c_const=yes
ac_cv_c_inline=inline
ac_cv_c_stack_direction=-1
ac_cv_env_CC_set=set
ac_cv_env_CC_value=gcc
ac_cv_env_CFLAGS_set=set
ac_cv_env_CFLAGS_value='-g -O2    '
ac_cv_env_CPPFLAGS_set=
ac_cv_env_CPPFLAGS_value=
ac_cv_env_CPP_set=
ac_cv_env_CPP_value=
ac_cv_env_LDFLAGS_set=set
ac_cv_env_LDFLAGS_value=' '
ac_cv_env_LIBS_set=
ac_cv_env_LIBS_value=
ac_cv_env_build_alias_set=set
ac_cv_env_build_alias_value=x86_64-pc-linux-gnu
ac_cv_env_host_alias_set=set
ac_cv_env_host_alias_value=x86_64-pc-linux-gnu
ac_cv_env_target_alias_set=set
ac_cv_env_target_alias_value=x86_64-pc-linux-gnu
ac_cv_func___fsetlocking=yes
ac_cv_func__doprnt=no
ac_cv_func_asprintf=yes
ac_cv_func_atexit=yes
ac_cv_func_basename=yes
ac_cv_func_bcmp=yes
ac_cv_func_bcopy=yes
ac_cv_func_bsearch=yes
ac_cv_func_bzero=yes
ac_cv_func_calloc=yes
ac_cv_func_canonicalize_file_name=yes
ac_cv_func_clock=yes
ac_cv_func_dup3=yes
ac_cv_func_ffs=yes
ac_cv_func_fork=yes
ac_cv_func_fork_works=yes
ac_cv_func_getcwd=yes
ac_cv_func_getpagesize=yes
ac_cv_func_getrlimit=yes
ac_cv_func_getrusage=yes
ac_cv_func_getsysinfo=no
ac_cv_func_gettimeofday=yes
ac_cv_func_index=yes
ac_cv_func_insque=yes
ac_cv_func_memchr=yes
ac_cv_func_memcmp=yes
ac_cv_func_memcpy=yes
ac_cv_func_memmem=yes
ac_cv_func_memmove=yes
ac_cv_func_mempcpy=yes
ac_cv_func_memset=yes
ac_cv_func_mkstemps=yes
ac_cv_func_mmap_fixed_mapped=yes
ac_cv_func_on_exit=yes
ac_cv_func_pipe2=yes
ac_cv_func_posix_spawn=yes
ac_cv_func_posix_spawnp=yes
ac_cv_func_psignal=yes
ac_cv_func_pstat_getdynamic=no
ac_cv_func_pstat_getstatic=no
ac_cv_func_putenv=yes
ac_cv_func_random=yes
ac_cv_func_realpath=yes
ac_cv_func_rename=yes
ac_cv_func_rindex=yes
ac_cv_func_sbrk=yes
ac_cv_func_setenv=yes
ac_cv_func_setproctitle=no
ac_cv_func_setrlimit=yes
ac_cv_func_sigsetmask=yes
ac_cv_func_snprintf=yes
ac_cv_func_spawnve=no
ac_cv_func_spawnvpe=no
ac_cv_func_stpcpy=yes
ac_cv_func_stpncpy=yes
ac_cv_func_strcasecmp=yes
ac_cv_func_strchr=yes
ac_cv_func_strdup=yes
ac_cv_func_strerror=yes
ac_cv_func_strncasecmp=yes
ac_cv_func_strncmp_works=yes
ac_cv_func_strndup=yes
ac_cv_func_strnlen=yes
ac_cv_func_strrchr=yes
ac_cv_func_strsignal=yes
ac_cv_func_strstr=yes
ac_cv_func_strtod=yes
ac_cv_func_strtol=yes
ac_cv_func_strtoll=yes
ac_cv_func_strtoul=yes
ac_cv_func_strtoull=yes
ac_cv_func_strverscmp=yes
ac_cv_func_sysconf=yes
ac_cv_func_sysctl=yes
ac_cv_func_sysmp=no
ac_cv_func_table=no
ac_cv_func_times=yes
ac_cv_func_tmpnam=yes
ac_cv_func_vasprintf=yes
ac_cv_func_vfork=yes
ac_cv_func_vfork_works=yes
ac_cv_func_vfprintf=yes
ac_cv_func_vprintf=yes
ac_cv_func_vsnprintf=yes
ac_cv_func_vsprintf=yes
ac_cv_func_wait3=yes
ac_cv_func_wait4=yes
ac_cv_func_waitpid=yes
ac_cv_have_decl_asprintf=yes
ac_cv_have_decl_basename_char_p_=yes
ac_cv_have_decl_calloc=yes
ac_cv_have_decl_ffs=yes
ac_cv_have_decl_getenv=yes
ac_cv_have_decl_getopt=yes
ac_cv_have_decl_malloc=yes
ac_cv_have_decl_realloc=yes
ac_cv_have_decl_sbrk=yes
ac_cv_have_decl_snprintf=yes
ac_cv_have_decl_strnlen=yes
ac_cv_have_decl_strtol=yes
ac_cv_have_decl_strtoll=yes
ac_cv_have_decl_strtoul=yes
ac_cv_have_decl_strtoull=yes
ac_cv_have_decl_strverscmp=yes
ac_cv_have_decl_vasprintf=yes
ac_cv_have_decl_vsnprintf=yes
ac_cv_header_alloca_h=yes
ac_cv_header_fcntl_h=yes
ac_cv_header_inttypes_h=yes
ac_cv_header_limits_h=yes
ac_cv_header_machine_hal_sysinfo_h=no
ac_cv_header_malloc_h=yes
ac_cv_header_memory_h=yes
ac_cv_header_minix_config_h=no
ac_cv_header_process_h=no
ac_cv_header_spawn_h=yes
ac_cv_header_stdc=yes
ac_cv_header_stdint_h=yes
ac_cv_header_stdio_ext_h=yes
ac_cv_header_stdlib_h=yes
ac_cv_header_string_h=yes
ac_cv_header_strings_h=yes
ac_cv_header_sys_file_h=yes
ac_cv_header_sys_mman_h=yes
ac_cv_header_sys_param_h=yes
ac_cv_header_sys_prctl_h=yes
ac_cv_header_sys_pstat_h=no
ac_cv_header_sys_resource_h=yes
ac_cv_header_sys_stat_h=yes
ac_cv_header_sys_sysctl_h=no
ac_cv_header_sys_sysinfo_h=yes
ac_cv_header_sys_sysmp_h=no
ac_cv_header_sys_systemcfg_h=no
ac_cv_header_sys_table_h=no
ac_cv_header_sys_time_h=yes
ac_cv_header_sys_types_h=yes
ac_cv_header_sys_wait_h=yes
ac_cv_header_time=yes
ac_cv_header_time_h=yes
ac_cv_header_unistd_h=yes
ac_cv_header_vfork_h=no
ac_cv_host=x86_64-pc-linux-gnu
ac_cv_objext=o
ac_cv_os_cray=no
ac_cv_path_EGREP='/usr/bin/grep -E'
ac_cv_path_GREP=/usr/bin/grep
ac_cv_prog_AR='ar --plugin /usr/lib/gcc/x86_64-linux-gnu/9/liblto_plugin.so'
ac_cv_prog_CC=gcc
ac_cv_prog_CPP='gcc -E'
ac_cv_prog_MAKEINFO='makeinfo --split-size=5000000'
ac_cv_prog_PERL=perl
ac_cv_prog_RANLIB='ranlib --plugin /usr/lib/gcc/x86_64-linux-gnu/9/liblto_plugin.so'
ac_cv_prog_cc_c89=
ac_cv_prog_cc_g=yes
ac_cv_prog_cc_gcc_c_o=yes
ac_cv_safe_to_define___extensions__=yes
ac_cv_search_strerror='none required'
ac_cv_sizeof_int=4
ac_cv_sizeof_long=8
ac_cv_sizeof_long_long=8
ac_cv_sizeof_size_t=8
ac_cv_sys_file_offset_bits=no
ac_cv_sys_largefile_CC=no
ac_cv_target=x86_64-pc-linux-gnu
ac_cv_type_intptr_t=yes
ac_cv_type_long_long=yes
ac_cv_type_pid_t=yes
ac_cv_type_ssize_t=yes
ac_cv_type_uintptr_t=yes
acx_cv_prog_cc_pedantic_=yes
acx_cv_prog_cc_warning__W=yes
acx_cv_prog_cc_warning__Wall=yes
acx_cv_prog_cc_warning__Wcpp_compat=yes
acx_cv_prog_cc_warning__Wshadow_local=yes
acx_cv_prog_cc_warning__Wstrict_prototypes=yes
acx_cv_prog_cc_warning__Wwrite_strings=yes
liberty_cv_uint64=uint64_t
libiberty_cv_decl_needed_canonicalize_file_name=no
libiberty_cv_declare_errno=no
libiberty_cv_var_sys_errlist=yes
libiberty_cv_var_sys_nerr=yes
libiberty_cv_var_sys_siglist=yes

## ----------------- ##
## Output variables. ##
## ----------------- ##

AR='ar --plugin /usr/lib/gcc/x86_64-linux-gnu/9/liblto_plugin.so'
AR_PLUGIN_OPTION='--plugin /usr/lib/gcc/x86_64-linux-gnu/9/liblto_plugin.so'
BUILD_INFO='info'
CC='gcc'
CET_HOST_FLAGS='-fcf-protection'
CFLAGS='-g -O2    '
CHECK='really-check'
CPP='gcc -E'
CPPFLAGS=''
DEFS='-DHAVE_CONFIG_H'
ECHO_C=''
ECHO_N='-n'
ECHO_T=''
EGREP='/usr/bin/grep -E'
ETAGS='etags'
EXEEXT=''
GREP='/usr/bin/grep'
HAVE_PERL=''
HWCAP_CFLAGS=''
INSTALL_DATA='/usr/bin/install -c -m 644'
INSTALL_DEST='libdir'
INSTALL_PROGRAM='/usr/bin/install -c'
INSTALL_SCRIPT='/usr/bin/install -c'
LDFLAGS=' '
LIBOBJS=' ${LIBOBJDIR}./setproctitle$U.o'
LIBS=''
LTLIBOBJS=' ${LIBOBJDIR}./setproctitle$U.lo'
MAINT='#'
MAKEINFO='makeinfo --split-size=5000000'
NOASANFLAG=''
NOTMAINT=''
NO_MINUS_C_MINUS_O=''
OBJEXT='o'
OUTPUT_OPTION='-o $@'
PACKAGE_BUGREPORT=''
PACKAGE_NAME=''
PACKAGE_STRING=''
PACKAGE_TARNAME=''
PACKAGE_URL=''
PACKAGE_VERSION=''
PATH_SEPARATOR=':'
PERL='perl'
PICFLAG=''
RANLIB='ranlib --plugin /usr/lib/gcc/x86_64-linux-gnu/9/liblto_plugin.so'
RANLIB_PLUGIN_OPTION='--plugin /usr/lib/gcc/x86_64-linux-gnu/9/liblto_plugin.so'
SHELL='/bin/bash'
ac_ct_CC=''
ac_libiberty_warn_cflags='-W -Wall -Wwrite-strings -Wc++-compat -Wstrict-prototypes -Wshadow=local -pedantic '
bindir='${exec_prefix}/bin'
build='x86_64-pc-linux-gnu'
build_alias='x86_64-pc-linux-gnu'
build_cpu='x86_64'
build_os='linux-gnu'
build_vendor='pc'
datadir='${datarootdir}'
datarootdir='${prefix}/share'
docdir='${datarootdir}/doc/${PACKAGE}'
dvidir='${docdir}'
exec_prefix='${prefix}'
host='x86_64-pc-linux-gnu'
host_alias='x86_64-pc-linux-gnu'
host_cpu='x86_64'
host_os='linux-gnu'
host_vendor='pc'
htmldir='${docdir}'
includedir='${prefix}/include'
infodir='${datarootdir}/info'
libdir='${exec_prefix}/lib'
libexecdir='${exec_prefix}/libexec'
libiberty_topdir='../../libiberty/..'
localedir='${datarootdir}/locale'
localstatedir='${prefix}/var'
mandir='${datarootdir}/man'
oldincludedir='/usr/include'
pdfdir='${docdir}'
pexecute='pex-unix'
prefix='/root/AsmXoM/binutils-2.44/build'
program_transform_name='s,y,y,'
psdir='${docdir}'
sbindir='${exec_prefix}/sbin'
sharedstatedir='${prefix}/com'
sysconfdir='${prefix}/etc'
target='x86_64-pc-linux-gnu'
target_alias='x86_64-pc-linux-gnu'
target_cpu='x86_64'
target_header_dir=''
target_os='linux-gnu'
target_vendor='pc'

## ------------------- ##
## File substitutions. ##
## ------------------- ##

host_makefile_frag='xhost-mkfrag'

## ----------- ##
## confdefs.h. ##
## ----------- ##

/* confdefs.h */
#define PACKAGE_NAME ""
#define PACKAGE_TARNAME ""
#define PACKAGE_VERSION ""
#define PACKAGE_STRING ""
#define PACKAGE_BUGREPORT ""
#define PACKAGE_URL ""
#define STDC_HEADERS 1
#define HAVE_SYS_TYPES_H 1
#define HAVE_SYS_STAT_H 1
#define HAVE_STDLIB_H 1
#define HAVE_STRING_H 1
#define HAVE_MEMORY_H 1
#define HAVE_STRINGS_H 1
#define HAVE_INTTYPES_H 1
#define HAVE_STDINT_H 1
#define HAVE_UNISTD_H 1
#define __EXTENSIONS__ 1
#define _ALL_SOURCE 1
#define _GNU_SOURCE 1
#define _POSIX_PTHREAD_SEMANTICS 1
#define _TANDEM_SOURCE 1
#define HAVE_SYS_FILE_H 1
#define HAVE_SYS_PARAM_H 1
#define HAVE_LIMITS_H 1
#define HAVE_STDLIB_H 1
#define HAVE_MALLOC_H 1
#define HAVE_STRING_H 1
#define HAVE_UNISTD_H 1
#define HAVE_STRINGS_H 1
#define HAVE_SYS_TIME_H 1
#define HAVE_TIME_H 1
#define HAVE_SYS_RESOURCE_H 1
#define HAVE_SYS_STAT_H 1
#define HAVE_SYS_MMAN_H 1
#define HAVE_FCNTL_H 1
#define HAVE_ALLOCA_H 1
#define HAVE_SYS_SYSINFO_H 1
#define HAVE_STDINT_H 1
#define HAVE_STDIO_EXT_H 1
#define HAVE_SYS_PRCTL_H 1
#define HAVE_SPAWN_H 1
#define HAVE_SYS_WAIT_H 1
#define TIME_WITH_SYS_TIME 1
#define SIZEOF_INT 4
#define SIZEOF_LONG 8
#define SIZEOF_SIZE_T 8
#define HAVE_LONG_LONG 1
#define SIZEOF_LONG_LONG 8
#define UNSIGNED_64BIT_TYPE uint64_t
#define HAVE_INTPTR_T 1
#define HAVE_UINTPTR_T 1
#define HAVE_UINTPTR_T 1
#define HAVE_ASPRINTF 1
#define HAVE_ATEXIT 1
#define HAVE_BASENAME 1
#define HAVE_BCMP 1
#define HAVE_BCOPY 1
#define HAVE_BSEARCH 1
#define HAVE_BZERO 1
#define HAVE_CALLOC 1
#define HAVE_CLOCK 1
#define HAVE_FFS 1
#define HAVE_GETCWD 1
#define HAVE_GETPAGESIZE 1
#define HAVE_GETTIMEOFDAY 1
#define HAVE_INDEX 1
#define HAVE_INSQUE 1
#define HAVE_MEMCHR 1
#define HAVE_MEMCMP 1
#define HAVE_MEMCPY 1
#define HAVE_MEMMEM 1
#define HAVE_MEMMOVE 1
#define HAVE_MEMPCPY 1
#define HAVE_MEMSET 1
#define HAVE_MKSTEMPS 1
#define HAVE_PUTENV 1
#define HAVE_RANDOM 1
#define HAVE_RENAME 1
#define HAVE_RINDEX 1
#define HAVE_SETENV 1
#define HAVE_SNPRINTF 1
#define HAVE_SIGSETMASK 1
#define HAVE_STPCPY 1
#define HAVE_STPNCPY 1
#define HAVE_STRCASECMP 1
#define HAVE_STRCHR 1
#define HAVE_STRDUP 1
#define HAVE_STRNCASECMP 1
#define HAVE_STRNDUP 1
#define HAVE_STRNLEN 1
#define HAVE_STRRCHR 1
#define HAVE_STRSTR 1
#define HAVE_STRTOD 1
#define HAVE_STRTOL 1
#define HAVE_STRTOUL 1
#define HAVE_STRTOLL 1
#define HAVE_STRTOULL 1
#define HAVE_STRVERSCMP 1
#define HAVE_TMPNAM 1
#define HAVE_VASPRINTF 1
#define HAVE_VFPRINTF 1
#define HAVE_VPRINTF 1
#define HAVE_VSNPRINTF 1
#define HAVE_VSPRINTF 1
#define HAVE_WAITPID 1
#define STACK_DIRECTION -1
#define HAVE_FORK 1
#define HAVE_VFORK 1
#define HAVE_WORKING_VFORK 1
#define HAVE_WORKING_FORK 1
#define HAVE_SYS_ERRLIST 1
#define HAVE_SYS_NERR 1
#define HAVE_SYS_SIGLIST 1
#define HAVE___FSETLOCKING 1
#define HAVE_CANONICALIZE_FILE_NAME 1
#define HAVE_DUP3 1
#define HAVE_GETRLIMIT 1
#define HAVE_GETRUSAGE 1
#define HAVE_GETTIMEOFDAY 1
#define HAVE_ON_EXIT 1
#define HAVE_PIPE2 1
#define HAVE_POSIX_SPAWN 1
#define HAVE_POSIX_SPAWNP 1
#define HAVE_PSIGNAL 1
#define HAVE_REALPATH 1
#define HAVE_SETRLIMIT 1
#define HAVE_STRERROR 1
#define HAVE_STRSIGNAL 1
#define HAVE_SYSCONF 1
#define HAVE_SYSCTL 1
#define HAVE_TIMES 1
#define HAVE_WAIT3 1
#define HAVE_WAIT4 1
#define HAVE_SBRK 1
#define HAVE_DECL_BASENAME 1
#define HAVE_DECL_FFS 1
#define HAVE_DECL_ASPRINTF 1
#define HAVE_DECL_VASPRINTF 1
#define HAVE_DECL_SNPRINTF 1
#define HAVE_DECL_VSNPRINTF 1
#define HAVE_DECL_CALLOC 1
#define HAVE_DECL_GETENV 1
#define HAVE_DECL_GETOPT 1
#define HAVE_DECL_MALLOC 1
#define HAVE_DECL_REALLOC 1
#define HAVE_DECL_SBRK 1
#define HAVE_DECL_STRTOL 1
#define HAVE_DECL_STRTOUL 1
#define HAVE_DECL_STRTOLL 1
#define HAVE_DECL_STRTOULL 1
#define HAVE_DECL_STRVERSCMP 1
#define HAVE_DECL_STRNLEN 1
#define HAVE_X86_SHA1_HW_SUPPORT 1
#define HAVE_STDLIB_H 1
#define HAVE_UNISTD_H 1
#define HAVE_SYS_PARAM_H 1
#define HAVE_GETPAGESIZE 1
#define HAVE_MMAP 1

configure: exit 0
