This file contains any messages produced by compilers while
running configure, to aid debugging if configure makes a mistake.

It was created by bfd configure 2.44, which was
generated by GNU Autoconf 2.69.  Invocation command line was

  $ /root/AsmXoM/binutils-2.44/bfd/configure --srcdir=../../bfd --cache-file=./config.cache --with-gnu-as --with-gnu-ld --prefix=/root/AsmXoM/binutils-2.44/build --program-transform-name=s,y,y, --disable-option-checking --disable-year2038 --build=x86_64-pc-linux-gnu --host=x86_64-pc-linux-gnu --target=x86_64-pc-linux-gnu

## --------- ##
## Platform. ##
## --------- ##

hostname = f29a80703b68
uname -m = x86_64
uname -r = 6.8.0-136-generic
uname -s = Linux
uname -v = #136~22.04.1-Ubuntu SMP PREEMPT_DYNAMIC Fri Jul  3 16:29:11 UTC 

/usr/bin/uname -p = x86_64
/bin/uname -X     = unknown

/bin/arch              = x86_64
/usr/bin/arch -k       = unknown
/usr/convex/getsysinfo = unknown
/usr/bin/hostinfo      = unknown
/bin/machine           = unknown
/usr/bin/oslevel       = unknown
/bin/universe          = unknown

PATH: /usr/local/texlive/2025/bin/x86_64-linux
PATH: /root/.vscode-server/data/User/globalStorage/github.copilot-chat/debugCommand
PATH: /root/.vscode-server/data/User/globalStorage/github.copilot-chat/copilotCli
PATH: /root/.vscode-server/bin/110a328ea54b42367b803ec53ee0bf52ef26b419/bin/remote-cli
PATH: /usr/local/texlive/2025/bin/x86_64-linux
PATH: /usr/local/sbin
PATH: /usr/local/bin
PATH: /usr/sbin
PATH: /usr/bin
PATH: /sbin
PATH: /bin
PATH: /usr/games
PATH: /usr/local/games
PATH: /snap/bin


## ----------- ##
## Core tests. ##
## ----------- ##

configure:2495: creating cache ./config.cache
configure:2610: checking build system type
configure:2624: result: x86_64-pc-linux-gnu
configure:2644: checking host system type
configure:2657: result: x86_64-pc-linux-gnu
configure:2677: checking target system type
configure:2690: result: x86_64-pc-linux-gnu
configure:2733: checking for a BSD-compatible install
configure:2801: result: /usr/bin/install -c
configure:2812: checking whether build environment is sane
configure:2867: result: yes
configure:3016: checking for a thread-safe mkdir -p
configure:3055: result: /usr/bin/mkdir -p
configure:3062: checking for gawk
configure:3089: result: gawk
configure:3100: checking whether make sets $(MAKE)
configure:3122: result: yes
configure:3151: checking whether make supports nested variables
configure:3168: result: yes
configure:3305: checking whether make supports nested variables
configure:3322: result: yes
configure:3337: checking for x86_64-pc-linux-gnu-ar
configure:3364: result: ar --plugin /usr/lib/gcc/x86_64-linux-gnu/9/liblto_plugin.so
configure:3429: checking for x86_64-pc-linux-gnu-ranlib
configure:3456: result: ranlib --plugin /usr/lib/gcc/x86_64-linux-gnu/9/liblto_plugin.so
configure:3559: checking for x86_64-pc-linux-gnu-gcc
configure:3586: result: gcc
configure:3855: checking for C compiler version
configure:3864: gcc --version >&5
gcc (Ubuntu 9.4.0-1ubuntu1~20.04.2) 9.4.0
Copyright (C) 2019 Free Software Foundation, Inc.
This is free software; see the source for copying conditions.  There is NO
warranty; not even for MERCHANTABILITY or FITNESS FOR A PARTICULAR PURPOSE.

configure:3875: $? = 0
configure:3864: gcc -v >&5
Using built-in specs.
COLLECT_GCC=gcc
COLLECT_LTO_WRAPPER=/usr/lib/gcc/x86_64-linux-gnu/9/lto-wrapper
OFFLOAD_TARGET_NAMES=nvptx-none:hsa
OFFLOAD_TARGET_DEFAULT=1
Target: x86_64-linux-gnu
Configured with: ../src/configure -v --with-pkgversion='Ubuntu 9.4.0-1ubuntu1~20.04.2' --with-bugurl=file:///usr/share/doc/gcc-9/README.Bugs --enable-languages=c,ada,c++,go,brig,d,fortran,objc,obj-c++,gm2 --prefix=/usr --with-gcc-major-version-only --program-suffix=-9 --program-prefix=x86_64-linux-gnu- --enable-shared --enable-linker-build-id --libexecdir=/usr/lib --without-included-gettext --enable-threads=posix --libdir=/usr/lib --enable-nls --enable-clocale=gnu --enable-libstdcxx-debug --enable-libstdcxx-time=yes --with-default-libstdcxx-abi=new --enable-gnu-unique-object --disable-vtable-verify --enable-plugin --enable-default-pie --with-system-zlib --with-target-system-zlib=auto --enable-objc-gc=auto --enable-multiarch --disable-werror --with-arch-32=i686 --with-abi=m64 --with-multilib-list=m32,m64,mx32 --enable-multilib --with-tune=generic --enable-offload-targets=nvptx-none=/build/gcc-9-9QDOt0/gcc-9-9.4.0/debian/tmp-nvptx/usr,hsa --without-cuda-driver --enable-checking=release --build=x86_64-linux-gnu --host=x86_64-linux-gnu --target=x86_64-linux-gnu
Thread model: posix
gcc version 9.4.0 (Ubuntu 9.4.0-1ubuntu1~20.04.2) 
configure:3875: $? = 0
configure:3864: gcc -V >&5
gcc: error: unrecognized command line option '-V'
gcc: fatal error: no input files
compilation terminated.
configure:3875: $? = 1
configure:3864: gcc -qversion >&5
gcc: error: unrecognized command line option '-qversion'; did you mean '--version'?
gcc: fatal error: no input files
compilation terminated.
configure:3875: $? = 1
configure:3895: checking whether the C compiler works
configure:3917: gcc -g -O2        conftest.c  >&5
configure:3921: $? = 0
configure:3969: result: yes
configure:3972: checking for C compiler default output file name
configure:3974: result: a.out
configure:3980: checking for suffix of executables
configure:3987: gcc -o conftest -g -O2        conftest.c  >&5
configure:3991: $? = 0
configure:4013: result: 
configure:4035: checking whether we are cross compiling
configure:4043: gcc -o conftest -g -O2        conftest.c  >&5
configure:4047: $? = 0
configure:4054: ./conftest
configure:4058: $? = 0
configure:4046: result: no
configure:4051: checking for suffix of object files
configure:4073: gcc -c -g -O2      conftest.c >&5
configure:4077: $? = 0
configure:4098: result: o
configure:4102: checking whether we are using the GNU C compiler
configure:4121: gcc -c -g -O2      conftest.c >&5
configure:4121: $? = 0
configure:4130: result: yes
configure:4139: checking whether gcc accepts -g
configure:4159: gcc -c -g  conftest.c >&5
configure:4159: $? = 0
configure:4200: result: yes
configure:4217: checking for gcc option to accept ISO C89
configure:4280: gcc  -c -g -O2      conftest.c >&5
configure:4280: $? = 0
configure:4293: result: none needed
configure:4318: checking whether gcc understands -c and -o together
configure:4340: gcc -c conftest.c -o conftest2.o
configure:4343: $? = 0
configure:4340: gcc -c conftest.c -o conftest2.o
configure:4343: $? = 0
configure:4355: result: yes
configure:4383: checking for style of include used by make
configure:4411: result: GNU
configure:4437: checking dependency style of gcc
configure:4548: result: gcc3
configure:4569: checking how to run the C preprocessor
configure:4600: gcc -E  conftest.c
configure:4600: $? = 0
configure:4614: gcc -E  conftest.c
conftest.c:11:10: fatal error: ac_nonexistent.h: No such file or directory
   11 | #include <ac_nonexistent.h>
      |          ^~~~~~~~~~~~~~~~~~
compilation terminated.
configure:4614: $? = 1
configure: failed program was:
| /* confdefs.h */
| #define PACKAGE_NAME "bfd"
| #define PACKAGE_TARNAME "bfd"
| #define PACKAGE_VERSION "2.44"
| #define PACKAGE_STRING "bfd 2.44"
| #define PACKAGE_BUGREPORT ""
| #define PACKAGE_URL ""
| #define PACKAGE "bfd"
| #define VERSION "2.44"
| /* end confdefs.h.  */
| #include <ac_nonexistent.h>
configure:4639: result: gcc -E
configure:4659: gcc -E  conftest.c
configure:4659: $? = 0
configure:4673: gcc -E  conftest.c
conftest.c:11:10: fatal error: ac_nonexistent.h: No such file or directory
   11 | #include <ac_nonexistent.h>
      |          ^~~~~~~~~~~~~~~~~~
compilation terminated.
configure:4673: $? = 1
configure: failed program was:
| /* confdefs.h */
| #define PACKAGE_NAME "bfd"
| #define PACKAGE_TARNAME "bfd"
| #define PACKAGE_VERSION "2.44"
| #define PACKAGE_STRING "bfd 2.44"
| #define PACKAGE_BUGREPORT ""
| #define PACKAGE_URL ""
| #define PACKAGE "bfd"
| #define VERSION "2.44"
| /* end confdefs.h.  */
| #include <ac_nonexistent.h>
configure:4702: checking for grep that handles long lines and -e
configure:4760: result: /usr/bin/grep
configure:4765: checking for egrep
configure:4827: result: /usr/bin/grep -E
configure:4832: checking for ANSI C header files
configure:4852: gcc -c -g -O2      conftest.c >&5
configure:4852: $? = 0
configure:4925: gcc -o conftest -g -O2        conftest.c  >&5
configure:4925: $? = 0
configure:4925: ./conftest
configure:4925: $? = 0
configure:4936: result: yes
configure:4949: checking for sys/types.h
configure:4949: gcc -c -g -O2      conftest.c >&5
configure:4949: $? = 0
configure:4949: result: yes
configure:4949: checking for sys/stat.h
configure:4949: gcc -c -g -O2      conftest.c >&5
configure:4949: $? = 0
configure:4949: result: yes
configure:4949: checking for stdlib.h
configure:4949: gcc -c -g -O2      conftest.c >&5
configure:4949: $? = 0
configure:4949: result: yes
configure:4949: checking for string.h
configure:4949: gcc -c -g -O2      conftest.c >&5
configure:4949: $? = 0
configure:4949: result: yes
configure:4949: checking for memory.h
configure:4949: gcc -c -g -O2      conftest.c >&5
configure:4949: $? = 0
configure:4949: result: yes
configure:4949: checking for strings.h
configure:4949: gcc -c -g -O2      conftest.c >&5
configure:4949: $? = 0
configure:4949: result: yes
configure:4949: checking for inttypes.h
configure:4949: gcc -c -g -O2      conftest.c >&5
configure:4949: $? = 0
configure:4949: result: yes
configure:4949: checking for stdint.h
configure:4949: gcc -c -g -O2      conftest.c >&5
configure:4949: $? = 0
configure:4949: result: yes
configure:4949: checking for unistd.h
configure:4949: gcc -c -g -O2      conftest.c >&5
configure:4949: $? = 0
configure:4949: result: yes
configure:4962: checking minix/config.h usability
configure:4962: gcc -c -g -O2      conftest.c >&5
conftest.c:54:10: fatal error: minix/config.h: No such file or directory
   54 | #include <minix/config.h>
      |          ^~~~~~~~~~~~~~~~
compilation terminated.
configure:4962: $? = 1
configure: failed program was:
| /* confdefs.h */
| #define PACKAGE_NAME "bfd"
| #define PACKAGE_TARNAME "bfd"
| #define PACKAGE_VERSION "2.44"
| #define PACKAGE_STRING "bfd 2.44"
| #define PACKAGE_BUGREPORT ""
| #define PACKAGE_URL ""
| #define PACKAGE "bfd"
| #define VERSION "2.44"
| #define STDC_HEADERS 1
| #define HAVE_SYS_TYPES_H 1
| #define HAVE_SYS_STAT_H 1
| #define HAVE_STDLIB_H 1
| #define HAVE_STRING_H 1
| #define HAVE_MEMORY_H 1
| #define HAVE_STRINGS_H 1
| #define HAVE_INTTYPES_H 1
| #define HAVE_STDINT_H 1
| #define HAVE_UNISTD_H 1
| /* end confdefs.h.  */
| #include <stdio.h>
| #ifdef HAVE_SYS_TYPES_H
| # include <sys/types.h>
| #endif
| #ifdef HAVE_SYS_STAT_H
| # include <sys/stat.h>
| #endif
| #ifdef STDC_HEADERS
| # include <stdlib.h>
| # include <stddef.h>
| #else
| # ifdef HAVE_STDLIB_H
| #  include <stdlib.h>
| # endif
| #endif
| #ifdef HAVE_STRING_H
| # if !defined STDC_HEADERS && defined HAVE_MEMORY_H
| #  include <memory.h>
| # endif
| # include <string.h>
| #endif
| #ifdef HAVE_STRINGS_H
| # include <strings.h>
| #endif
| #ifdef HAVE_INTTYPES_H
| # include <inttypes.h>
| #endif
| #ifdef HAVE_STDINT_H
| # include <stdint.h>
| #endif
| #ifdef HAVE_UNISTD_H
| # include <unistd.h>
| #endif
| #include <minix/config.h>
configure:4962: result: no
configure:4962: checking minix/config.h presence
configure:4962: gcc -E  conftest.c
conftest.c:21:10: fatal error: minix/config.h: No such file or directory
   21 | #include <minix/config.h>
      |          ^~~~~~~~~~~~~~~~
compilation terminated.
configure:4962: $? = 1
configure: failed program was:
| /* confdefs.h */
| #define PACKAGE_NAME "bfd"
| #define PACKAGE_TARNAME "bfd"
| #define PACKAGE_VERSION "2.44"
| #define PACKAGE_STRING "bfd 2.44"
| #define PACKAGE_BUGREPORT ""
| #define PACKAGE_URL ""
| #define PACKAGE "bfd"
| #define VERSION "2.44"
| #define STDC_HEADERS 1
| #define HAVE_SYS_TYPES_H 1
| #define HAVE_SYS_STAT_H 1
| #define HAVE_STDLIB_H 1
| #define HAVE_STRING_H 1
| #define HAVE_MEMORY_H 1
| #define HAVE_STRINGS_H 1
| #define HAVE_INTTYPES_H 1
| #define HAVE_STDINT_H 1
| #define HAVE_UNISTD_H 1
| /* end confdefs.h.  */
| #include <minix/config.h>
configure:4962: result: no
configure:4962: checking for minix/config.h
configure:4962: result: no
configure:4983: checking whether it is safe to define __EXTENSIONS__
configure:5001: gcc -c -g -O2      conftest.c >&5
configure:5001: $? = 0
configure:5008: result: yes
configure:5069: checking how to print strings
configure:5096: result: printf
configure:5117: checking for a sed that does not truncate output
configure:5181: result: /usr/bin/sed
configure:5199: checking for fgrep
configure:5261: result: /usr/bin/grep -F
configure:5296: checking for ld used by gcc
configure:5363: result: ld
configure:5370: checking if the linker (ld) is GNU ld
configure:5385: result: yes
configure:5397: checking for BSD- or MS-compatible name lister (nm)
configure:5453: result: /usr/bin/nm -B
configure:5583: checking the name lister (/usr/bin/nm -B) interface
configure:5590: gcc -c -g -O2      conftest.c >&5
configure:5593: /usr/bin/nm -B "conftest.o"
configure:5596: output
0000000000000000 B some_variable
configure:5597: result: BSD nm
configure:5600: checking whether ln -s works
configure:5604: result: yes
configure:5612: checking the maximum length of command line arguments
configure:5737: result: 1572864
configure:5754: checking whether the shell understands some XSI constructs
configure:5763: result: yes
configure:5767: checking whether the shell understands "+="
configure:5771: result: yes
configure:5806: checking for ld option to reload object files
configure:5813: result: -r
configure:5842: checking for x86_64-pc-linux-gnu-objdump
configure:5869: result: objdump
configure:5941: checking how to recognize dependent libraries
configure:6147: result: pass_all
configure:6180: checking for x86_64-pc-linux-gnu-ar
configure:6207: result: ar --plugin /usr/lib/gcc/x86_64-linux-gnu/9/liblto_plugin.so
configure:6298: checking for x86_64-pc-linux-gnu-strip
configure:6328: result: no
configure:6338: checking for strip
configure:6354: found /usr/bin/strip
configure:6365: result: strip
configure:6397: checking for x86_64-pc-linux-gnu-ranlib
configure:6424: result: ranlib --plugin /usr/lib/gcc/x86_64-linux-gnu/9/liblto_plugin.so
configure:6571: checking command to parse /usr/bin/nm -B output from gcc object
configure:6689: gcc -c -g -O2      conftest.c >&5
configure:6692: $? = 0
configure:6696: /usr/bin/nm -B conftest.o \| sed -n -e 's/^.*[ ]\([ABCDGIRSTW][ABCDGIRSTW]*\)[ ][ ]*\([_A-Za-z][_A-Za-z0-9]*\)$/\1 \2 \2/p' \> conftest.nm
configure:6699: $? = 0
configure:6753: gcc -o conftest -g -O2        conftest.c conftstm.o >&5
configure:6756: $? = 0
configure:6794: result: ok
configure:6889: gcc -c -g -O2      conftest.c >&5
configure:6892: $? = 0
configure:7644: checking for dlfcn.h
configure:7644: gcc -c -g -O2      conftest.c >&5
configure:7644: $? = 0
configure:7644: result: yes
configure:7800: checking for objdir
configure:7815: result: .libs
configure:8086: checking if gcc supports -fno-rtti -fno-exceptions
configure:8104: gcc -c -g -O2      -fno-rtti -fno-exceptions conftest.c >&5
cc1: warning: command line option '-fno-rtti' is valid for C++/D/ObjC++ but not for C
configure:8108: $? = 0
configure:8121: result: no
configure:8141: checking for gcc option to produce PIC
configure:8427: result: -fPIC -DPIC
configure:8439: checking if gcc PIC flag -fPIC -DPIC works
configure:8457: gcc -c -g -O2      -fPIC -DPIC -DPIC conftest.c >&5
configure:8461: $? = 0
configure:8474: result: yes
configure:8498: checking if gcc static flag -static works
configure:8526: result: yes
configure:8541: checking if gcc supports -c -o file.o
configure:8562: gcc -c -g -O2      -o out/conftest2.o conftest.c >&5
configure:8566: $? = 0
configure:8588: result: yes
configure:8596: checking if gcc supports -c -o file.o
configure:8643: result: yes
configure:8676: checking whether the gcc linker (ld -m elf_x86_64) supports shared libraries
configure:9747: result: yes
configure:9992: checking dynamic linker characteristics
configure:10438: gcc -o conftest -g -O2        -Wl,-rpath -Wl,/foo conftest.c  >&5
configure:10438: $? = 0
configure:10679: result: GNU/Linux ld.so
configure:10786: checking how to hardcode library paths into programs
configure:10811: result: immediate
configure:10905: checking for shl_load
configure:10905: gcc -o conftest -g -O2        conftest.c  >&5
/usr/bin/ld: /tmp/ccyyGmjE.o: in function `main':
/root/AsmXoM/binutils-2.44/build/bfd/conftest.c:62: undefined reference to `shl_load'
collect2: error: ld returned 1 exit status
configure:10905: $? = 1
configure: failed program was:
| /* confdefs.h */
| #define PACKAGE_NAME "bfd"
| #define PACKAGE_TARNAME "bfd"
| #define PACKAGE_VERSION "2.44"
| #define PACKAGE_STRING "bfd 2.44"
| #define PACKAGE_BUGREPORT ""
| #define PACKAGE_URL ""
| #define PACKAGE "bfd"
| #define VERSION "2.44"
| #define STDC_HEADERS 1
| #define HAVE_SYS_TYPES_H 1
| #define HAVE_SYS_STAT_H 1
| #define HAVE_STDLIB_H 1
| #define HAVE_STRING_H 1
| #define HAVE_MEMORY_H 1
| #define HAVE_STRINGS_H 1
| #define HAVE_INTTYPES_H 1
| #define HAVE_STDINT_H 1
| #define HAVE_UNISTD_H 1
| #define __EXTENSIONS__ 1
| #define _ALL_SOURCE 1
| #define _GNU_SOURCE 1
| #define _POSIX_PTHREAD_SEMANTICS 1
| #define _TANDEM_SOURCE 1
| #define HAVE_DLFCN_H 1
| #define LT_OBJDIR ".libs/"
| /* end confdefs.h.  */
| /* Define shl_load to an innocuous variant, in case <limits.h> declares shl_load.
|    For example, HP-UX 11i <limits.h> declares gettimeofday.  */
| #define shl_load innocuous_shl_load
| 
| /* System header to define __stub macros and hopefully few prototypes,
|     which can conflict with char shl_load (); below.
|     Prefer <limits.h> to <assert.h> if __STDC__ is defined, since
|     <limits.h> exists even on freestanding compilers.  */
| 
| #ifdef __STDC__
| # include <limits.h>
| #else
| # include <assert.h>
| #endif
| 
| #undef shl_load
| 
| /* Override any GCC internal prototype to avoid an error.
|    Use char because int might match the return type of a GCC
|    builtin and then its argument prototype would still apply.  */
| #ifdef __cplusplus
| extern "C"
| #endif
| char shl_load ();
| /* The GNU C library defines this for functions which it implements
|     to always fail with ENOSYS.  Some functions are actually named
|     something starting with __ and the normal name is an alias.  */
| #if defined __stub_shl_load || defined __stub___shl_load
| choke me
| #endif
| 
| int
| main ()
| {
| return shl_load ();
|   ;
|   return 0;
| }
configure:10905: result: no
configure:10909: checking for shl_load in -ldld
configure:10934: gcc -o conftest -g -O2        conftest.c -ldld   >&5
/usr/bin/ld: cannot find -ldld
collect2: error: ld returned 1 exit status
configure:10934: $? = 1
configure: failed program was:
| /* confdefs.h */
| #define PACKAGE_NAME "bfd"
| #define PACKAGE_TARNAME "bfd"
| #define PACKAGE_VERSION "2.44"
| #define PACKAGE_STRING "bfd 2.44"
| #define PACKAGE_BUGREPORT ""
| #define PACKAGE_URL ""
| #define PACKAGE "bfd"
| #define VERSION "2.44"
| #define STDC_HEADERS 1
| #define HAVE_SYS_TYPES_H 1
| #define HAVE_SYS_STAT_H 1
| #define HAVE_STDLIB_H 1
| #define HAVE_STRING_H 1
| #define HAVE_MEMORY_H 1
| #define HAVE_STRINGS_H 1
| #define HAVE_INTTYPES_H 1
| #define HAVE_STDINT_H 1
| #define HAVE_UNISTD_H 1
| #define __EXTENSIONS__ 1
| #define _ALL_SOURCE 1
| #define _GNU_SOURCE 1
| #define _POSIX_PTHREAD_SEMANTICS 1
| #define _TANDEM_SOURCE 1
| #define HAVE_DLFCN_H 1
| #define LT_OBJDIR ".libs/"
| /* end confdefs.h.  */
| 
| /* Override any GCC internal prototype to avoid an error.
|    Use char because int might match the return type of a GCC
|    builtin and then its argument prototype would still apply.  */
| #ifdef __cplusplus
| extern "C"
| #endif
| char shl_load ();
| int
| main ()
| {
| return shl_load ();
|   ;
|   return 0;
| }
configure:10943: result: no
configure:10948: checking for dlopen
configure:10948: gcc -o conftest -g -O2        conftest.c  >&5
/usr/bin/ld: /tmp/cc7DawlL.o: in function `main':
/root/AsmXoM/binutils-2.44/build/bfd/conftest.c:62: undefined reference to `dlopen'
collect2: error: ld returned 1 exit status
configure:10948: $? = 1
configure: failed program was:
| /* confdefs.h */
| #define PACKAGE_NAME "bfd"
| #define PACKAGE_TARNAME "bfd"
| #define PACKAGE_VERSION "2.44"
| #define PACKAGE_STRING "bfd 2.44"
| #define PACKAGE_BUGREPORT ""
| #define PACKAGE_URL ""
| #define PACKAGE "bfd"
| #define VERSION "2.44"
| #define STDC_HEADERS 1
| #define HAVE_SYS_TYPES_H 1
| #define HAVE_SYS_STAT_H 1
| #define HAVE_STDLIB_H 1
| #define HAVE_STRING_H 1
| #define HAVE_MEMORY_H 1
| #define HAVE_STRINGS_H 1
| #define HAVE_INTTYPES_H 1
| #define HAVE_STDINT_H 1
| #define HAVE_UNISTD_H 1
| #define __EXTENSIONS__ 1
| #define _ALL_SOURCE 1
| #define _GNU_SOURCE 1
| #define _POSIX_PTHREAD_SEMANTICS 1
| #define _TANDEM_SOURCE 1
| #define HAVE_DLFCN_H 1
| #define LT_OBJDIR ".libs/"
| /* end confdefs.h.  */
| /* Define dlopen to an innocuous variant, in case <limits.h> declares dlopen.
|    For example, HP-UX 11i <limits.h> declares gettimeofday.  */
| #define dlopen innocuous_dlopen
| 
| /* System header to define __stub macros and hopefully few prototypes,
|     which can conflict with char dlopen (); below.
|     Prefer <limits.h> to <assert.h> if __STDC__ is defined, since
|     <limits.h> exists even on freestanding compilers.  */
| 
| #ifdef __STDC__
| # include <limits.h>
| #else
| # include <assert.h>
| #endif
| 
| #undef dlopen
| 
| /* Override any GCC internal prototype to avoid an error.
|    Use char because int might match the return type of a GCC
|    builtin and then its argument prototype would still apply.  */
| #ifdef __cplusplus
| extern "C"
| #endif
| char dlopen ();
| /* The GNU C library defines this for functions which it implements
|     to always fail with ENOSYS.  Some functions are actually named
|     something starting with __ and the normal name is an alias.  */
| #if defined __stub_dlopen || defined __stub___dlopen
| choke me
| #endif
| 
| int
| main ()
| {
| return dlopen ();
|   ;
|   return 0;
| }
configure:10948: result: no
configure:10952: checking for dlopen in -ldl
configure:10977: gcc -o conftest -g -O2        conftest.c -ldl   >&5
configure:10977: $? = 0
configure:10986: result: yes
configure:11105: checking whether a program can dlopen itself
configure:11185: gcc -o conftest -g -O2      -DHAVE_DLFCN_H   -Wl,--export-dynamic conftest.c -ldl  >&5
configure:11188: $? = 0
configure:11206: result: yes
configure:11211: checking whether a statically linked program can dlopen itself
configure:11291: gcc -o conftest -g -O2      -DHAVE_DLFCN_H   -Wl,--export-dynamic -static conftest.c -ldl  >&5
/usr/bin/ld: /tmp/ccDSwD4g.o: in function `main':
/root/AsmXoM/binutils-2.44/build/bfd/configure:11313: warning: Using 'dlopen' in statically linked applications requires at runtime the shared libraries from the glibc version used for linking
configure:11294: $? = 0
conftest: undefined symbol: _fnord
configure:11312: result: no
configure:11351: checking whether stripping libraries is possible
configure:11356: result: yes
configure:11391: checking if libtool supports shared libraries
configure:11393: result: yes
configure:11396: checking whether to build shared libraries
configure:11417: result: no
configure:11420: checking whether to build static libraries
configure:11424: result: yes
configure:8607: checking for dlfcn.h
configure:8607: result: yes
configure:8620: checking for windows.h
configure:8620: gcc -c -g -O2      conftest.c >&5
conftest.c:63:10: fatal error: windows.h: No such file or directory
   63 | #include <windows.h>
      |          ^~~~~~~~~~~
compilation terminated.
configure:8620: $? = 1
configure: failed program was:
| /* confdefs.h */
| #define PACKAGE_NAME "bfd"
| #define PACKAGE_TARNAME "bfd"
| #define PACKAGE_VERSION "2.44"
| #define PACKAGE_STRING "bfd 2.44"
| #define PACKAGE_BUGREPORT ""
| #define PACKAGE_URL ""
| #define PACKAGE "bfd"
| #define VERSION "2.44"
| #define STDC_HEADERS 1
| #define HAVE_SYS_TYPES_H 1
| #define HAVE_SYS_STAT_H 1
| #define HAVE_STDLIB_H 1
| #define HAVE_STRING_H 1
| #define HAVE_MEMORY_H 1
| #define HAVE_STRINGS_H 1
| #define HAVE_INTTYPES_H 1
| #define HAVE_STDINT_H 1
| #define HAVE_UNISTD_H 1
| #define __EXTENSIONS__ 1
| #define _ALL_SOURCE 1
| #define _GNU_SOURCE 1
| #define _POSIX_PTHREAD_SEMANTICS 1
| #define _TANDEM_SOURCE 1
| #define HAVE_DLFCN_H 1
| #define LT_OBJDIR ".libs/"
| #define HAVE_DLFCN_H 1
| /* end confdefs.h.  */
| #include <stdio.h>
| #ifdef HAVE_SYS_TYPES_H
| # include <sys/types.h>
| #endif
| #ifdef HAVE_SYS_STAT_H
| # include <sys/stat.h>
| #endif
| #ifdef STDC_HEADERS
| # include <stdlib.h>
| # include <stddef.h>
| #else
| # ifdef HAVE_STDLIB_H
| #  include <stdlib.h>
| # endif
| #endif
| #ifdef HAVE_STRING_H
| # if !defined STDC_HEADERS && defined HAVE_MEMORY_H
| #  include <memory.h>
| # endif
| # include <string.h>
| #endif
| #ifdef HAVE_STRINGS_H
| # include <strings.h>
| #endif
| #ifdef HAVE_INTTYPES_H
| # include <inttypes.h>
| #endif
| #ifdef HAVE_STDINT_H
| # include <stdint.h>
| #endif
| #ifdef HAVE_UNISTD_H
| # include <unistd.h>
| #endif
| 
| #include <windows.h>
configure:8620: result: no
configure:8647: checking for library containing dlsym
configure:8678: gcc -o conftest -g -O2        conftest.c  >&5
/usr/bin/ld: /tmp/ccw7uGXd.o: in function `main':
/root/AsmXoM/binutils-2.44/build/bfd/conftest.c:40: undefined reference to `dlsym'
collect2: error: ld returned 1 exit status
configure:8678: $? = 1
configure: failed program was:
| /* confdefs.h */
| #define PACKAGE_NAME "bfd"
| #define PACKAGE_TARNAME "bfd"
| #define PACKAGE_VERSION "2.44"
| #define PACKAGE_STRING "bfd 2.44"
| #define PACKAGE_BUGREPORT ""
| #define PACKAGE_URL ""
| #define PACKAGE "bfd"
| #define VERSION "2.44"
| #define STDC_HEADERS 1
| #define HAVE_SYS_TYPES_H 1
| #define HAVE_SYS_STAT_H 1
| #define HAVE_STDLIB_H 1
| #define HAVE_STRING_H 1
| #define HAVE_MEMORY_H 1
| #define HAVE_STRINGS_H 1
| #define HAVE_INTTYPES_H 1
| #define HAVE_STDINT_H 1
| #define HAVE_UNISTD_H 1
| #define __EXTENSIONS__ 1
| #define _ALL_SOURCE 1
| #define _GNU_SOURCE 1
| #define _POSIX_PTHREAD_SEMANTICS 1
| #define _TANDEM_SOURCE 1
| #define HAVE_DLFCN_H 1
| #define LT_OBJDIR ".libs/"
| #define HAVE_DLFCN_H 1
| /* end confdefs.h.  */
| 
| /* Override any GCC internal prototype to avoid an error.
|    Use char because int might match the return type of a GCC
|    builtin and then its argument prototype would still apply.  */
| #ifdef __cplusplus
| extern "C"
| #endif
| char dlsym ();
| int
| main ()
| {
| return dlsym ();
|   ;
|   return 0;
| }
configure:8678: gcc -o conftest -g -O2        conftest.c -ldl   >&5
configure:8678: $? = 0
configure:8695: result: -ldl
configure:8767: checking for special C compiler options needed for large files
configure:8812: result: no
configure:8818: checking for _FILE_OFFSET_BITS value needed for large files
configure:8843: gcc -c -g -O2      conftest.c >&5
configure:8843: $? = 0
configure:8875: result: no
configure:9030: checking size of void *
configure:9035: gcc -o conftest -g -O2        conftest.c -ldl  >&5
configure:9035: $? = 0
configure:9035: ./conftest
configure:9035: $? = 0
configure:9049: result: 8
configure:9404: checking whether to enable maintainer-specific portions of Makefiles
configure:9413: result: no
configure:9449: checking whether to install libbfd
configure:9462: result: yes
configure:9492: checking whether byte ordering is bigendian
configure:9507: gcc -c -g -O2      conftest.c >&5
conftest.c:33:9: error: unknown type name 'not'
   33 |         not a universal capable compiler
      |         ^~~
conftest.c:33:15: error: expected '=', ',', ';', 'asm' or '__attribute__' before 'universal'
   33 |         not a universal capable compiler
      |               ^~~~~~~~~
conftest.c:33:15: error: unknown type name 'universal'
configure:9507: $? = 1
configure: failed program was:
| /* confdefs.h */
| #define PACKAGE_NAME "bfd"
| #define PACKAGE_TARNAME "bfd"
| #define PACKAGE_VERSION "2.44"
| #define PACKAGE_STRING "bfd 2.44"
| #define PACKAGE_BUGREPORT ""
| #define PACKAGE_URL ""
| #define PACKAGE "bfd"
| #define VERSION "2.44"
| #define STDC_HEADERS 1
| #define HAVE_SYS_TYPES_H 1
| #define HAVE_SYS_STAT_H 1
| #define HAVE_STDLIB_H 1
| #define HAVE_STRING_H 1
| #define HAVE_MEMORY_H 1
| #define HAVE_STRINGS_H 1
| #define HAVE_INTTYPES_H 1
| #define HAVE_STDINT_H 1
| #define HAVE_UNISTD_H 1
| #define __EXTENSIONS__ 1
| #define _ALL_SOURCE 1
| #define _GNU_SOURCE 1
| #define _POSIX_PTHREAD_SEMANTICS 1
| #define _TANDEM_SOURCE 1
| #define HAVE_DLFCN_H 1
| #define LT_OBJDIR ".libs/"
| #define HAVE_DLFCN_H 1
| #define SIZEOF_VOID_P 8
| #define USE_SECUREPLT 1
| #define DEFAULT_LD_Z_SEPARATE_CODE 1
| /* end confdefs.h.  */
| #ifndef __APPLE_CC__
| 	       not a universal capable compiler
| 	     #endif
| 	     typedef int dummy;
| 
configure:9552: gcc -c -g -O2      conftest.c >&5
configure:9552: $? = 0
configure:9570: gcc -c -g -O2      conftest.c >&5
conftest.c: In function 'main':
conftest.c:39:4: error: unknown type name 'not'; did you mean 'ino_t'?
   39 |    not big endian
      |    ^~~
      |    ino_t
conftest.c:39:12: error: expected '=', ',', ';', 'asm' or '__attribute__' before 'endian'
   39 |    not big endian
      |            ^~~~~~
configure:9570: $? = 1
configure: failed program was:
| /* confdefs.h */
| #define PACKAGE_NAME "bfd"
| #define PACKAGE_TARNAME "bfd"
| #define PACKAGE_VERSION "2.44"
| #define PACKAGE_STRING "bfd 2.44"
| #define PACKAGE_BUGREPORT ""
| #define PACKAGE_URL ""
| #define PACKAGE "bfd"
| #define VERSION "2.44"
| #define STDC_HEADERS 1
| #define HAVE_SYS_TYPES_H 1
| #define HAVE_SYS_STAT_H 1
| #define HAVE_STDLIB_H 1
| #define HAVE_STRING_H 1
| #define HAVE_MEMORY_H 1
| #define HAVE_STRINGS_H 1
| #define HAVE_INTTYPES_H 1
| #define HAVE_STDINT_H 1
| #define HAVE_UNISTD_H 1
| #define __EXTENSIONS__ 1
| #define _ALL_SOURCE 1
| #define _GNU_SOURCE 1
| #define _POSIX_PTHREAD_SEMANTICS 1
| #define _TANDEM_SOURCE 1
| #define HAVE_DLFCN_H 1
| #define LT_OBJDIR ".libs/"
| #define HAVE_DLFCN_H 1
| #define SIZEOF_VOID_P 8
| #define USE_SECUREPLT 1
| #define DEFAULT_LD_Z_SEPARATE_CODE 1
| /* end confdefs.h.  */
| #include <sys/types.h>
| 		#include <sys/param.h>
| 
| int
| main ()
| {
| #if BYTE_ORDER != BIG_ENDIAN
| 		 not big endian
| 		#endif
| 
|   ;
|   return 0;
| }
configure:9698: result: no
configure:9738: checking whether NLS is requested
configure:9747: result: yes
configure:9785: checking for msgfmt
configure:9816: result: /usr/bin/msgfmt
configure:9825: checking for gmsgfmt
configure:9856: result: /usr/bin/msgfmt
configure:9896: checking for xgettext
configure:9927: result: /usr/bin/xgettext
configure:9967: checking for msgmerge
configure:9997: result: /usr/bin/msgmerge
configure:10072: checking for ld used by GCC
configure:10135: result: ld -m elf_x86_64
configure:10142: checking if the linker (ld -m elf_x86_64) is GNU ld
GNU ld (GNU Binutils for Ubuntu) 2.34
configure:10154: result: yes
configure:10160: checking for shared library run path origin
configure:10173: result: done
configure:10620: checking for CFPreferencesCopyAppValue
configure:10638: gcc -o conftest -g -O2        conftest.c -ldl  -Wl,-framework -Wl,CoreFoundation >&5
conftest.c:32:10: fatal error: CoreFoundation/CFPreferences.h: No such file or directory
   32 | #include <CoreFoundation/CFPreferences.h>
      |          ^~~~~~~~~~~~~~~~~~~~~~~~~~~~~~~~
compilation terminated.
configure:10638: $? = 1
configure: failed program was:
| /* confdefs.h */
| #define PACKAGE_NAME "bfd"
| #define PACKAGE_TARNAME "bfd"
| #define PACKAGE_VERSION "2.44"
| #define PACKAGE_STRING "bfd 2.44"
| #define PACKAGE_BUGREPORT ""
| #define PACKAGE_URL ""
| #define PACKAGE "bfd"
| #define VERSION "2.44"
| #define STDC_HEADERS 1
| #define HAVE_SYS_TYPES_H 1
| #define HAVE_SYS_STAT_H 1
| #define HAVE_STDLIB_H 1
| #define HAVE_STRING_H 1
| #define HAVE_MEMORY_H 1
| #define HAVE_STRINGS_H 1
| #define HAVE_INTTYPES_H 1
| #define HAVE_STDINT_H 1
| #define HAVE_UNISTD_H 1
| #define __EXTENSIONS__ 1
| #define _ALL_SOURCE 1
| #define _GNU_SOURCE 1
| #define _POSIX_PTHREAD_SEMANTICS 1
| #define _TANDEM_SOURCE 1
| #define HAVE_DLFCN_H 1
| #define LT_OBJDIR ".libs/"
| #define HAVE_DLFCN_H 1
| #define SIZEOF_VOID_P 8
| #define USE_SECUREPLT 1
| #define DEFAULT_LD_Z_SEPARATE_CODE 1
| /* end confdefs.h.  */
| #include <CoreFoundation/CFPreferences.h>
| int
| main ()
| {
| CFPreferencesCopyAppValue(NULL, NULL)
|   ;
|   return 0;
| }
configure:10647: result: no
configure:10654: checking for CFLocaleCopyPreferredLanguages
configure:10672: gcc -o conftest -g -O2        conftest.c -ldl  -Wl,-framework -Wl,CoreFoundation >&5
conftest.c:32:10: fatal error: CoreFoundation/CFLocale.h: No such file or directory
   32 | #include <CoreFoundation/CFLocale.h>
      |          ^~~~~~~~~~~~~~~~~~~~~~~~~~~
compilation terminated.
configure:10672: $? = 1
configure: failed program was:
| /* confdefs.h */
| #define PACKAGE_NAME "bfd"
| #define PACKAGE_TARNAME "bfd"
| #define PACKAGE_VERSION "2.44"
| #define PACKAGE_STRING "bfd 2.44"
| #define PACKAGE_BUGREPORT ""
| #define PACKAGE_URL ""
| #define PACKAGE "bfd"
| #define VERSION "2.44"
| #define STDC_HEADERS 1
| #define HAVE_SYS_TYPES_H 1
| #define HAVE_SYS_STAT_H 1
| #define HAVE_STDLIB_H 1
| #define HAVE_STRING_H 1
| #define HAVE_MEMORY_H 1
| #define HAVE_STRINGS_H 1
| #define HAVE_INTTYPES_H 1
| #define HAVE_STDINT_H 1
| #define HAVE_UNISTD_H 1
| #define __EXTENSIONS__ 1
| #define _ALL_SOURCE 1
| #define _GNU_SOURCE 1
| #define _POSIX_PTHREAD_SEMANTICS 1
| #define _TANDEM_SOURCE 1
| #define HAVE_DLFCN_H 1
| #define LT_OBJDIR ".libs/"
| #define HAVE_DLFCN_H 1
| #define SIZEOF_VOID_P 8
| #define USE_SECUREPLT 1
| #define DEFAULT_LD_Z_SEPARATE_CODE 1
| /* end confdefs.h.  */
| #include <CoreFoundation/CFLocale.h>
| int
| main ()
| {
| CFLocaleCopyPreferredLanguages();
|   ;
|   return 0;
| }
configure:10681: result: no
configure:10731: checking for GNU gettext in libc
configure:10760: gcc -o conftest -g -O2        conftest.c -ldl  >&5
configure:10760: $? = 0
configure:10769: result: yes
configure:11561: checking whether to use NLS
configure:11563: result: yes
configure:11566: checking where the gettext function comes from
configure:11577: result: libc
configure:11646: checking whether NLS is requested
configure:11652: result: yes
configure:11658: checking for catalogs to be installed
configure:11690: result:  da es fi fr hr id ja ka ms pt ro ru rw sr sv tr uk vi zh_CN da es fi fr hr id ja ka ms pt ro ru rw sr sv tr uk vi zh_CN
configure:11737: checking for msgfmt
configure:11768: result: /usr/bin/msgfmt
configure:11777: checking for gmsgfmt
configure:11808: result: /usr/bin/msgfmt
configure:11848: checking for xgettext
configure:11879: result: /usr/bin/xgettext
configure:11919: checking for msgmerge
configure:11949: result: /usr/bin/msgmerge
configure:11995: checking size of long long
configure:12000: gcc -o conftest -g -O2        conftest.c -ldl  >&5
configure:12000: $? = 0
configure:12000: ./conftest
configure:12000: $? = 0
configure:12014: result: 8
configure:12028: checking size of void *
configure:12047: result: 8
configure:12061: checking size of long
configure:12066: gcc -o conftest -g -O2        conftest.c -ldl  >&5
configure:12066: $? = 0
configure:12066: ./conftest
configure:12066: $? = 0
configure:12080: result: 8
configure:12094: checking size of int
configure:12099: gcc -o conftest -g -O2        conftest.c -ldl  >&5
configure:12099: $? = 0
configure:12099: ./conftest
configure:12099: $? = 0
configure:12113: result: 4
configure:12170: checking fcntl.h usability
configure:12170: gcc -c -g -O2      conftest.c >&5
configure:12170: $? = 0
configure:12170: result: yes
configure:12170: checking fcntl.h presence
configure:12170: gcc -E  conftest.c
configure:12170: $? = 0
configure:12170: result: yes
configure:12170: checking for fcntl.h
configure:12170: result: yes
configure:12170: checking sys/file.h usability
configure:12170: gcc -c -g -O2      conftest.c >&5
configure:12170: $? = 0
configure:12170: result: yes
configure:12170: checking sys/file.h presence
configure:12170: gcc -E  conftest.c
configure:12170: $? = 0
configure:12170: result: yes
configure:12170: checking for sys/file.h
configure:12170: result: yes
configure:12170: checking sys/resource.h usability
configure:12170: gcc -c -g -O2      conftest.c >&5
configure:12170: $? = 0
configure:12170: result: yes
configure:12170: checking sys/resource.h presence
configure:12170: gcc -E  conftest.c
configure:12170: $? = 0
configure:12170: result: yes
configure:12170: checking for sys/resource.h
configure:12170: result: yes
configure:12170: checking for sys/stat.h
configure:12170: result: yes
configure:12170: checking for sys/types.h
configure:12170: result: yes
configure:12170: checking for unistd.h
configure:12170: result: yes
configure:12185: checking for fcntl
configure:12185: gcc -o conftest -g -O2        conftest.c -ldl  >&5
configure:12185: $? = 0
configure:12185: result: yes
configure:12185: checking for fdopen
configure:12185: gcc -o conftest -g -O2        conftest.c -ldl  >&5
configure:12185: $? = 0
configure:12185: result: yes
configure:12185: checking for fileno
configure:12185: gcc -o conftest -g -O2        conftest.c -ldl  >&5
configure:12185: $? = 0
configure:12185: result: yes
configure:12185: checking for fls
configure:12185: gcc -o conftest -g -O2        conftest.c -ldl  >&5
/usr/bin/ld: /tmp/ccQnAWg3.o: in function `main':
/root/AsmXoM/binutils-2.44/build/bfd/conftest.c:83: undefined reference to `fls'
collect2: error: ld returned 1 exit status
configure:12185: $? = 1
configure: failed program was:
| /* confdefs.h */
| #define PACKAGE_NAME "bfd"
| #define PACKAGE_TARNAME "bfd"
| #define PACKAGE_VERSION "2.44"
| #define PACKAGE_STRING "bfd 2.44"
| #define PACKAGE_BUGREPORT ""
| #define PACKAGE_URL ""
| #define PACKAGE "bfd"
| #define VERSION "2.44"
| #define STDC_HEADERS 1
| #define HAVE_SYS_TYPES_H 1
| #define HAVE_SYS_STAT_H 1
| #define HAVE_STDLIB_H 1
| #define HAVE_STRING_H 1
| #define HAVE_MEMORY_H 1
| #define HAVE_STRINGS_H 1
| #define HAVE_INTTYPES_H 1
| #define HAVE_STDINT_H 1
| #define HAVE_UNISTD_H 1
| #define __EXTENSIONS__ 1
| #define _ALL_SOURCE 1
| #define _GNU_SOURCE 1
| #define _POSIX_PTHREAD_SEMANTICS 1
| #define _TANDEM_SOURCE 1
| #define HAVE_DLFCN_H 1
| #define LT_OBJDIR ".libs/"
| #define HAVE_DLFCN_H 1
| #define SIZEOF_VOID_P 8
| #define USE_SECUREPLT 1
| #define DEFAULT_LD_Z_SEPARATE_CODE 1
| #define ENABLE_NLS 1
| #define HAVE_GETTEXT 1
| #define HAVE_DCGETTEXT 1
| #define ENABLE_NLS 1
| #define SIZEOF_LONG_LONG 8
| #define SIZEOF_VOID_P 8
| #define SIZEOF_LONG 8
| #define SIZEOF_INT 4
| #define HAVE_FCNTL_H 1
| #define HAVE_SYS_FILE_H 1
| #define HAVE_SYS_RESOURCE_H 1
| #define HAVE_SYS_STAT_H 1
| #define HAVE_SYS_TYPES_H 1
| #define HAVE_UNISTD_H 1
| #define HAVE_FCNTL 1
| #define HAVE_FDOPEN 1
| #define HAVE_FILENO 1
| /* end confdefs.h.  */
| /* Define fls to an innocuous variant, in case <limits.h> declares fls.
|    For example, HP-UX 11i <limits.h> declares gettimeofday.  */
| #define fls innocuous_fls
| 
| /* System header to define __stub macros and hopefully few prototypes,
|     which can conflict with char fls (); below.
|     Prefer <limits.h> to <assert.h> if __STDC__ is defined, since
|     <limits.h> exists even on freestanding compilers.  */
| 
| #ifdef __STDC__
| # include <limits.h>
| #else
| # include <assert.h>
| #endif
| 
| #undef fls
| 
| /* Override any GCC internal prototype to avoid an error.
|    Use char because int might match the return type of a GCC
|    builtin and then its argument prototype would still apply.  */
| #ifdef __cplusplus
| extern "C"
| #endif
| char fls ();
| /* The GNU C library defines this for functions which it implements
|     to always fail with ENOSYS.  Some functions are actually named
|     something starting with __ and the normal name is an alias.  */
| #if defined __stub_fls || defined __stub___fls
| choke me
| #endif
| 
| int
| main ()
| {
| return fls ();
|   ;
|   return 0;
| }
configure:12185: result: no
configure:12185: checking for getgid
configure:12185: gcc -o conftest -g -O2        conftest.c -ldl  >&5
configure:12185: $? = 0
configure:12185: result: yes
configure:12185: checking for getpagesize
configure:12185: gcc -o conftest -g -O2        conftest.c -ldl  >&5
configure:12185: $? = 0
configure:12185: result: yes
configure:12185: checking for getrlimit
configure:12185: gcc -o conftest -g -O2        conftest.c -ldl  >&5
configure:12185: $? = 0
configure:12185: result: yes
configure:12185: checking for getuid
configure:12185: gcc -o conftest -g -O2        conftest.c -ldl  >&5
configure:12185: $? = 0
configure:12185: result: yes
configure:12185: checking for sysconf
configure:12185: gcc -o conftest -g -O2        conftest.c -ldl  >&5
configure:12185: $? = 0
configure:12185: result: yes
configure:12195: checking whether basename is declared
configure:12195: gcc -c -g -O2      conftest.c >&5
configure:12195: $? = 0
configure:12195: result: yes
configure:12205: checking whether ffs is declared
configure:12205: gcc -c -g -O2      conftest.c >&5
configure:12205: $? = 0
configure:12205: result: yes
configure:12215: checking whether stpcpy is declared
configure:12215: gcc -c -g -O2      conftest.c >&5
configure:12215: $? = 0
configure:12215: result: yes
configure:12225: checking whether asprintf is declared
configure:12225: gcc -c -g -O2      conftest.c >&5
configure:12225: $? = 0
configure:12225: result: yes
configure:12235: checking whether vasprintf is declared
configure:12235: gcc -c -g -O2      conftest.c >&5
configure:12235: $? = 0
configure:12235: result: yes
configure:12245: checking whether strnlen is declared
configure:12245: gcc -c -g -O2      conftest.c >&5
configure:12245: $? = 0
configure:12245: result: yes
configure:12256: checking whether ___lc_codepage_func is declared
configure:12256: gcc -c -g -O2      conftest.c >&5
conftest.c: In function 'main':
conftest.c:69:10: error: '___lc_codepage_func' undeclared (first use in this function)
   69 |   (void) ___lc_codepage_func;
      |          ^~~~~~~~~~~~~~~~~~~
conftest.c:69:10: note: each undeclared identifier is reported only once for each function it appears in
configure:12256: $? = 1
configure: failed program was:
| /* confdefs.h */
| #define PACKAGE_NAME "bfd"
| #define PACKAGE_TARNAME "bfd"
| #define PACKAGE_VERSION "2.44"
| #define PACKAGE_STRING "bfd 2.44"
| #define PACKAGE_BUGREPORT ""
| #define PACKAGE_URL ""
| #define PACKAGE "bfd"
| #define VERSION "2.44"
| #define STDC_HEADERS 1
| #define HAVE_SYS_TYPES_H 1
| #define HAVE_SYS_STAT_H 1
| #define HAVE_STDLIB_H 1
| #define HAVE_STRING_H 1
| #define HAVE_MEMORY_H 1
| #define HAVE_STRINGS_H 1
| #define HAVE_INTTYPES_H 1
| #define HAVE_STDINT_H 1
| #define HAVE_UNISTD_H 1
| #define __EXTENSIONS__ 1
| #define _ALL_SOURCE 1
| #define _GNU_SOURCE 1
| #define _POSIX_PTHREAD_SEMANTICS 1
| #define _TANDEM_SOURCE 1
| #define HAVE_DLFCN_H 1
| #define LT_OBJDIR ".libs/"
| #define HAVE_DLFCN_H 1
| #define SIZEOF_VOID_P 8
| #define USE_SECUREPLT 1
| #define DEFAULT_LD_Z_SEPARATE_CODE 1
| #define ENABLE_NLS 1
| #define HAVE_GETTEXT 1
| #define HAVE_DCGETTEXT 1
| #define ENABLE_NLS 1
| #define SIZEOF_LONG_LONG 8
| #define SIZEOF_VOID_P 8
| #define SIZEOF_LONG 8
| #define SIZEOF_INT 4
| #define HAVE_FCNTL_H 1
| #define HAVE_SYS_FILE_H 1
| #define HAVE_SYS_RESOURCE_H 1
| #define HAVE_SYS_STAT_H 1
| #define HAVE_SYS_TYPES_H 1
| #define HAVE_UNISTD_H 1
| #define HAVE_FCNTL 1
| #define HAVE_FDOPEN 1
| #define HAVE_FILENO 1
| #define HAVE_GETGID 1
| #define HAVE_GETPAGESIZE 1
| #define HAVE_GETRLIMIT 1
| #define HAVE_GETUID 1
| #define HAVE_SYSCONF 1
| #define HAVE_DECL_BASENAME 1
| #define HAVE_DECL_FFS 1
| #define HAVE_DECL_STPCPY 1
| #define HAVE_DECL_ASPRINTF 1
| #define HAVE_DECL_VASPRINTF 1
| #define HAVE_DECL_STRNLEN 1
| /* end confdefs.h.  */
| #include <locale.h>
| 
| int
| main ()
| {
| #ifndef ___lc_codepage_func
| #ifdef __cplusplus
|   (void) ___lc_codepage_func;
| #else
|   (void) ___lc_codepage_func;
| #endif
| #endif
| 
|   ;
|   return 0;
| }
configure:12256: result: no
configure:12278: checking for thread local storage (TLS) class
configure:12300: gcc -c -g -O2      conftest.c >&5
conftest.c: In function 'main':
conftest.c:65:21: error: expected ';' before 'int'
   65 | static  thread_local  int bar;
      |                     ^ ~~~
      |                     ;
configure:12300: $? = 1
configure: failed program was:
| /* confdefs.h */
| #define PACKAGE_NAME "bfd"
| #define PACKAGE_TARNAME "bfd"
| #define PACKAGE_VERSION "2.44"
| #define PACKAGE_STRING "bfd 2.44"
| #define PACKAGE_BUGREPORT ""
| #define PACKAGE_URL ""
| #define PACKAGE "bfd"
| #define VERSION "2.44"
| #define STDC_HEADERS 1
| #define HAVE_SYS_TYPES_H 1
| #define HAVE_SYS_STAT_H 1
| #define HAVE_STDLIB_H 1
| #define HAVE_STRING_H 1
| #define HAVE_MEMORY_H 1
| #define HAVE_STRINGS_H 1
| #define HAVE_INTTYPES_H 1
| #define HAVE_STDINT_H 1
| #define HAVE_UNISTD_H 1
| #define __EXTENSIONS__ 1
| #define _ALL_SOURCE 1
| #define _GNU_SOURCE 1
| #define _POSIX_PTHREAD_SEMANTICS 1
| #define _TANDEM_SOURCE 1
| #define HAVE_DLFCN_H 1
| #define LT_OBJDIR ".libs/"
| #define HAVE_DLFCN_H 1
| #define SIZEOF_VOID_P 8
| #define USE_SECUREPLT 1
| #define DEFAULT_LD_Z_SEPARATE_CODE 1
| #define ENABLE_NLS 1
| #define HAVE_GETTEXT 1
| #define HAVE_DCGETTEXT 1
| #define ENABLE_NLS 1
| #define SIZEOF_LONG_LONG 8
| #define SIZEOF_VOID_P 8
| #define SIZEOF_LONG 8
| #define SIZEOF_INT 4
| #define HAVE_FCNTL_H 1
| #define HAVE_SYS_FILE_H 1
| #define HAVE_SYS_RESOURCE_H 1
| #define HAVE_SYS_STAT_H 1
| #define HAVE_SYS_TYPES_H 1
| #define HAVE_UNISTD_H 1
| #define HAVE_FCNTL 1
| #define HAVE_FDOPEN 1
| #define HAVE_FILENO 1
| #define HAVE_GETGID 1
| #define HAVE_GETPAGESIZE 1
| #define HAVE_GETRLIMIT 1
| #define HAVE_GETUID 1
| #define HAVE_SYSCONF 1
| #define HAVE_DECL_BASENAME 1
| #define HAVE_DECL_FFS 1
| #define HAVE_DECL_STPCPY 1
| #define HAVE_DECL_ASPRINTF 1
| #define HAVE_DECL_VASPRINTF 1
| #define HAVE_DECL_STRNLEN 1
| #define HAVE_DECL____LC_CODEPAGE_FUNC 0
| /* end confdefs.h.  */
| #include <stdlib.h>
| int
| main ()
| {
| static  thread_local  int bar;
| 
|   ;
|   return 0;
| }
configure:12300: gcc -c -g -O2      conftest.c >&5
configure:12300: $? = 0
configure:12313: result: _Thread_local
configure:12358: checking for x86_64-pc-linux-gnu-pkg-config
configure:12391: result: no
configure:12401: checking for pkg-config
configure:12419: found /usr/bin/pkg-config
configure:12431: result: /usr/bin/pkg-config
configure:12456: checking pkg-config is at least version 0.9.0
configure:12459: result: yes
configure:12480: checking for libzstd >= 1.4.0
configure:12487: $PKG_CONFIG --exists --print-errors "libzstd >= 1.4.0"
Package libzstd was not found in the pkg-config search path.
Perhaps you should add the directory containing `libzstd.pc'
to the PKG_CONFIG_PATH environment variable
Package 'libzstd', required by 'virtual:world', not found
configure:12490: $? = 1
configure:12504: $PKG_CONFIG --exists --print-errors "libzstd >= 1.4.0"
Package libzstd was not found in the pkg-config search path.
Perhaps you should add the directory containing `libzstd.pc'
to the PKG_CONFIG_PATH environment variable
Package 'libzstd', required by 'virtual:world', not found
configure:12507: $? = 1
configure:12545: result: no
Package 'libzstd', required by 'virtual:world', not found
configure:12591: checking compiler support for hidden visibility
configure:12609: gcc -c -g -O2     -Werror  conftest.c >&5
configure:12609: $? = 0
configure:12616: result: yes
configure:12626: checking linker --as-needed support
configure:12637: result: yes
configure:12728: checking for cos in -lm
configure:12753: gcc -o conftest -g -O2        conftest.c -lm  -ldl  >&5
conftest.c:70:6: warning: conflicting types for built-in function 'cos'; expected 'double(double)' [-Wbuiltin-declaration-mismatch]
   70 | char cos ();
      |      ^~~
conftest.c:1:1: note: 'cos' is declared in header '<math.h>'
    1 | /* confdefs.h */
configure:12753: $? = 0
configure:12762: result: yes
configure:13268: checking for gcc version with buggy 64-bit support
configure:13281: result: no
configure:13488: checking sys/procfs.h usability
configure:13488: gcc -c -g -O2      conftest.c >&5
configure:13488: $? = 0
configure:13488: result: yes
configure:13488: checking sys/procfs.h presence
configure:13488: gcc -E  conftest.c
configure:13488: $? = 0
configure:13488: result: yes
configure:13488: checking for sys/procfs.h
configure:13488: result: yes
configure:13500: checking for prstatus_t in sys/procfs.h
configure:13518: gcc -c -g -O2      conftest.c >&5
configure:13518: $? = 0
configure:13532: result: yes
configure:13536: checking for prstatus32_t in sys/procfs.h
configure:13554: gcc -c -g -O2      conftest.c >&5
conftest.c: In function 'main':
conftest.c:72:1: error: unknown type name 'prstatus32_t'; did you mean 'prstatus_t'?
   72 | prstatus32_t avar
      | ^~~~~~~~~~~~
      | prstatus_t
configure:13554: $? = 1
configure: failed program was:
| /* confdefs.h */
| #define PACKAGE_NAME "bfd"
| #define PACKAGE_TARNAME "bfd"
| #define PACKAGE_VERSION "2.44"
| #define PACKAGE_STRING "bfd 2.44"
| #define PACKAGE_BUGREPORT ""
| #define PACKAGE_URL ""
| #define PACKAGE "bfd"
| #define VERSION "2.44"
| #define STDC_HEADERS 1
| #define HAVE_SYS_TYPES_H 1
| #define HAVE_SYS_STAT_H 1
| #define HAVE_STDLIB_H 1
| #define HAVE_STRING_H 1
| #define HAVE_MEMORY_H 1
| #define HAVE_STRINGS_H 1
| #define HAVE_INTTYPES_H 1
| #define HAVE_STDINT_H 1
| #define HAVE_UNISTD_H 1
| #define __EXTENSIONS__ 1
| #define _ALL_SOURCE 1
| #define _GNU_SOURCE 1
| #define _POSIX_PTHREAD_SEMANTICS 1
| #define _TANDEM_SOURCE 1
| #define HAVE_DLFCN_H 1
| #define LT_OBJDIR ".libs/"
| #define HAVE_DLFCN_H 1
| #define SIZEOF_VOID_P 8
| #define USE_SECUREPLT 1
| #define DEFAULT_LD_Z_SEPARATE_CODE 1
| #define ENABLE_NLS 1
| #define HAVE_GETTEXT 1
| #define HAVE_DCGETTEXT 1
| #define ENABLE_NLS 1
| #define SIZEOF_LONG_LONG 8
| #define SIZEOF_VOID_P 8
| #define SIZEOF_LONG 8
| #define SIZEOF_INT 4
| #define HAVE_FCNTL_H 1
| #define HAVE_SYS_FILE_H 1
| #define HAVE_SYS_RESOURCE_H 1
| #define HAVE_SYS_STAT_H 1
| #define HAVE_SYS_TYPES_H 1
| #define HAVE_UNISTD_H 1
| #define HAVE_FCNTL 1
| #define HAVE_FDOPEN 1
| #define HAVE_FILENO 1
| #define HAVE_GETGID 1
| #define HAVE_GETPAGESIZE 1
| #define HAVE_GETRLIMIT 1
| #define HAVE_GETUID 1
| #define HAVE_SYSCONF 1
| #define HAVE_DECL_BASENAME 1
| #define HAVE_DECL_FFS 1
| #define HAVE_DECL_STPCPY 1
| #define HAVE_DECL_ASPRINTF 1
| #define HAVE_DECL_VASPRINTF 1
| #define HAVE_DECL_STRNLEN 1
| #define HAVE_DECL____LC_CODEPAGE_FUNC 0
| #define TLS _Thread_local
| #define HAVE_HIDDEN 1
| #define _STRUCTURED_PROC 1
| #define HAVE_SYS_PROCFS_H 1
| #define HAVE_PRSTATUS_T 1
| /* end confdefs.h.  */
| 
| #define _SYSCALL32
| #include <sys/procfs.h>
| int
| main ()
| {
| prstatus32_t avar
|   ;
|   return 0;
| }
configure:13568: result: no
configure:13572: checking for prstatus_t.pr_who in sys/procfs.h
configure:13590: gcc -c -g -O2      conftest.c >&5
conftest.c: In function 'main':
conftest.c:72:44: error: 'prstatus_t' {aka 'struct elf_prstatus'} has no member named 'pr_who'
   72 | prstatus_t avar; void* aref = (void*) &avar.pr_who
      |                                            ^
configure:13590: $? = 1
configure: failed program was:
| /* confdefs.h */
| #define PACKAGE_NAME "bfd"
| #define PACKAGE_TARNAME "bfd"
| #define PACKAGE_VERSION "2.44"
| #define PACKAGE_STRING "bfd 2.44"
| #define PACKAGE_BUGREPORT ""
| #define PACKAGE_URL ""
| #define PACKAGE "bfd"
| #define VERSION "2.44"
| #define STDC_HEADERS 1
| #define HAVE_SYS_TYPES_H 1
| #define HAVE_SYS_STAT_H 1
| #define HAVE_STDLIB_H 1
| #define HAVE_STRING_H 1
| #define HAVE_MEMORY_H 1
| #define HAVE_STRINGS_H 1
| #define HAVE_INTTYPES_H 1
| #define HAVE_STDINT_H 1
| #define HAVE_UNISTD_H 1
| #define __EXTENSIONS__ 1
| #define _ALL_SOURCE 1
| #define _GNU_SOURCE 1
| #define _POSIX_PTHREAD_SEMANTICS 1
| #define _TANDEM_SOURCE 1
| #define HAVE_DLFCN_H 1
| #define LT_OBJDIR ".libs/"
| #define HAVE_DLFCN_H 1
| #define SIZEOF_VOID_P 8
| #define USE_SECUREPLT 1
| #define DEFAULT_LD_Z_SEPARATE_CODE 1
| #define ENABLE_NLS 1
| #define HAVE_GETTEXT 1
| #define HAVE_DCGETTEXT 1
| #define ENABLE_NLS 1
| #define SIZEOF_LONG_LONG 8
| #define SIZEOF_VOID_P 8
| #define SIZEOF_LONG 8
| #define SIZEOF_INT 4
| #define HAVE_FCNTL_H 1
| #define HAVE_SYS_FILE_H 1
| #define HAVE_SYS_RESOURCE_H 1
| #define HAVE_SYS_STAT_H 1
| #define HAVE_SYS_TYPES_H 1
| #define HAVE_UNISTD_H 1
| #define HAVE_FCNTL 1
| #define HAVE_FDOPEN 1
| #define HAVE_FILENO 1
| #define HAVE_GETGID 1
| #define HAVE_GETPAGESIZE 1
| #define HAVE_GETRLIMIT 1
| #define HAVE_GETUID 1
| #define HAVE_SYSCONF 1
| #define HAVE_DECL_BASENAME 1
| #define HAVE_DECL_FFS 1
| #define HAVE_DECL_STPCPY 1
| #define HAVE_DECL_ASPRINTF 1
| #define HAVE_DECL_VASPRINTF 1
| #define HAVE_DECL_STRNLEN 1
| #define HAVE_DECL____LC_CODEPAGE_FUNC 0
| #define TLS _Thread_local
| #define HAVE_HIDDEN 1
| #define _STRUCTURED_PROC 1
| #define HAVE_SYS_PROCFS_H 1
| #define HAVE_PRSTATUS_T 1
| /* end confdefs.h.  */
| 
| #define _SYSCALL32
| #include <sys/procfs.h>
| int
| main ()
| {
| prstatus_t avar; void* aref = (void*) &avar.pr_who
|   ;
|   return 0;
| }
configure:13604: result: no
configure:13608: checking for prstatus32_t.pr_who in sys/procfs.h
configure:13626: gcc -c -g -O2      conftest.c >&5
conftest.c: In function 'main':
conftest.c:72:1: error: unknown type name 'prstatus32_t'; did you mean 'prstatus_t'?
   72 | prstatus32_t avar; void* aref = (void*) &avar.pr_who
      | ^~~~~~~~~~~~
      | prstatus_t
conftest.c:72:46: error: request for member 'pr_who' in something not a structure or union
   72 | prstatus32_t avar; void* aref = (void*) &avar.pr_who
      |                                              ^
configure:13626: $? = 1
configure: failed program was:
| /* confdefs.h */
| #define PACKAGE_NAME "bfd"
| #define PACKAGE_TARNAME "bfd"
| #define PACKAGE_VERSION "2.44"
| #define PACKAGE_STRING "bfd 2.44"
| #define PACKAGE_BUGREPORT ""
| #define PACKAGE_URL ""
| #define PACKAGE "bfd"
| #define VERSION "2.44"
| #define STDC_HEADERS 1
| #define HAVE_SYS_TYPES_H 1
| #define HAVE_SYS_STAT_H 1
| #define HAVE_STDLIB_H 1
| #define HAVE_STRING_H 1
| #define HAVE_MEMORY_H 1
| #define HAVE_STRINGS_H 1
| #define HAVE_INTTYPES_H 1
| #define HAVE_STDINT_H 1
| #define HAVE_UNISTD_H 1
| #define __EXTENSIONS__ 1
| #define _ALL_SOURCE 1
| #define _GNU_SOURCE 1
| #define _POSIX_PTHREAD_SEMANTICS 1
| #define _TANDEM_SOURCE 1
| #define HAVE_DLFCN_H 1
| #define LT_OBJDIR ".libs/"
| #define HAVE_DLFCN_H 1
| #define SIZEOF_VOID_P 8
| #define USE_SECUREPLT 1
| #define DEFAULT_LD_Z_SEPARATE_CODE 1
| #define ENABLE_NLS 1
| #define HAVE_GETTEXT 1
| #define HAVE_DCGETTEXT 1
| #define ENABLE_NLS 1
| #define SIZEOF_LONG_LONG 8
| #define SIZEOF_VOID_P 8
| #define SIZEOF_LONG 8
| #define SIZEOF_INT 4
| #define HAVE_FCNTL_H 1
| #define HAVE_SYS_FILE_H 1
| #define HAVE_SYS_RESOURCE_H 1
| #define HAVE_SYS_STAT_H 1
| #define HAVE_SYS_TYPES_H 1
| #define HAVE_UNISTD_H 1
| #define HAVE_FCNTL 1
| #define HAVE_FDOPEN 1
| #define HAVE_FILENO 1
| #define HAVE_GETGID 1
| #define HAVE_GETPAGESIZE 1
| #define HAVE_GETRLIMIT 1
| #define HAVE_GETUID 1
| #define HAVE_SYSCONF 1
| #define HAVE_DECL_BASENAME 1
| #define HAVE_DECL_FFS 1
| #define HAVE_DECL_STPCPY 1
| #define HAVE_DECL_ASPRINTF 1
| #define HAVE_DECL_VASPRINTF 1
| #define HAVE_DECL_STRNLEN 1
| #define HAVE_DECL____LC_CODEPAGE_FUNC 0
| #define TLS _Thread_local
| #define HAVE_HIDDEN 1
| #define _STRUCTURED_PROC 1
| #define HAVE_SYS_PROCFS_H 1
| #define HAVE_PRSTATUS_T 1
| /* end confdefs.h.  */
| 
| #define _SYSCALL32
| #include <sys/procfs.h>
| int
| main ()
| {
| prstatus32_t avar; void* aref = (void*) &avar.pr_who
|   ;
|   return 0;
| }
configure:13640: result: no
configure:13644: checking for pstatus_t in sys/procfs.h
configure:13662: gcc -c -g -O2      conftest.c >&5
conftest.c: In function 'main':
conftest.c:72:1: error: unknown type name 'pstatus_t'; did you mean 'prstatus_t'?
   72 | pstatus_t avar
      | ^~~~~~~~~
      | prstatus_t
configure:13662: $? = 1
configure: failed program was:
| /* confdefs.h */
| #define PACKAGE_NAME "bfd"
| #define PACKAGE_TARNAME "bfd"
| #define PACKAGE_VERSION "2.44"
| #define PACKAGE_STRING "bfd 2.44"
| #define PACKAGE_BUGREPORT ""
| #define PACKAGE_URL ""
| #define PACKAGE "bfd"
| #define VERSION "2.44"
| #define STDC_HEADERS 1
| #define HAVE_SYS_TYPES_H 1
| #define HAVE_SYS_STAT_H 1
| #define HAVE_STDLIB_H 1
| #define HAVE_STRING_H 1
| #define HAVE_MEMORY_H 1
| #define HAVE_STRINGS_H 1
| #define HAVE_INTTYPES_H 1
| #define HAVE_STDINT_H 1
| #define HAVE_UNISTD_H 1
| #define __EXTENSIONS__ 1
| #define _ALL_SOURCE 1
| #define _GNU_SOURCE 1
| #define _POSIX_PTHREAD_SEMANTICS 1
| #define _TANDEM_SOURCE 1
| #define HAVE_DLFCN_H 1
| #define LT_OBJDIR ".libs/"
| #define HAVE_DLFCN_H 1
| #define SIZEOF_VOID_P 8
| #define USE_SECUREPLT 1
| #define DEFAULT_LD_Z_SEPARATE_CODE 1
| #define ENABLE_NLS 1
| #define HAVE_GETTEXT 1
| #define HAVE_DCGETTEXT 1
| #define ENABLE_NLS 1
| #define SIZEOF_LONG_LONG 8
| #define SIZEOF_VOID_P 8
| #define SIZEOF_LONG 8
| #define SIZEOF_INT 4
| #define HAVE_FCNTL_H 1
| #define HAVE_SYS_FILE_H 1
| #define HAVE_SYS_RESOURCE_H 1
| #define HAVE_SYS_STAT_H 1
| #define HAVE_SYS_TYPES_H 1
| #define HAVE_UNISTD_H 1
| #define HAVE_FCNTL 1
| #define HAVE_FDOPEN 1
| #define HAVE_FILENO 1
| #define HAVE_GETGID 1
| #define HAVE_GETPAGESIZE 1
| #define HAVE_GETRLIMIT 1
| #define HAVE_GETUID 1
| #define HAVE_SYSCONF 1
| #define HAVE_DECL_BASENAME 1
| #define HAVE_DECL_FFS 1
| #define HAVE_DECL_STPCPY 1
| #define HAVE_DECL_ASPRINTF 1
| #define HAVE_DECL_VASPRINTF 1
| #define HAVE_DECL_STRNLEN 1
| #define HAVE_DECL____LC_CODEPAGE_FUNC 0
| #define TLS _Thread_local
| #define HAVE_HIDDEN 1
| #define _STRUCTURED_PROC 1
| #define HAVE_SYS_PROCFS_H 1
| #define HAVE_PRSTATUS_T 1
| /* end confdefs.h.  */
| 
| #define _SYSCALL32
| #include <sys/procfs.h>
| int
| main ()
| {
| pstatus_t avar
|   ;
|   return 0;
| }
configure:13676: result: no
configure:13680: checking for pxstatus_t in sys/procfs.h
configure:13698: gcc -c -g -O2      conftest.c >&5
conftest.c: In function 'main':
conftest.c:72:1: error: unknown type name 'pxstatus_t'; did you mean 'prstatus_t'?
   72 | pxstatus_t avar
      | ^~~~~~~~~~
      | prstatus_t
configure:13698: $? = 1
configure: failed program was:
| /* confdefs.h */
| #define PACKAGE_NAME "bfd"
| #define PACKAGE_TARNAME "bfd"
| #define PACKAGE_VERSION "2.44"
| #define PACKAGE_STRING "bfd 2.44"
| #define PACKAGE_BUGREPORT ""
| #define PACKAGE_URL ""
| #define PACKAGE "bfd"
| #define VERSION "2.44"
| #define STDC_HEADERS 1
| #define HAVE_SYS_TYPES_H 1
| #define HAVE_SYS_STAT_H 1
| #define HAVE_STDLIB_H 1
| #define HAVE_STRING_H 1
| #define HAVE_MEMORY_H 1
| #define HAVE_STRINGS_H 1
| #define HAVE_INTTYPES_H 1
| #define HAVE_STDINT_H 1
| #define HAVE_UNISTD_H 1
| #define __EXTENSIONS__ 1
| #define _ALL_SOURCE 1
| #define _GNU_SOURCE 1
| #define _POSIX_PTHREAD_SEMANTICS 1
| #define _TANDEM_SOURCE 1
| #define HAVE_DLFCN_H 1
| #define LT_OBJDIR ".libs/"
| #define HAVE_DLFCN_H 1
| #define SIZEOF_VOID_P 8
| #define USE_SECUREPLT 1
| #define DEFAULT_LD_Z_SEPARATE_CODE 1
| #define ENABLE_NLS 1
| #define HAVE_GETTEXT 1
| #define HAVE_DCGETTEXT 1
| #define ENABLE_NLS 1
| #define SIZEOF_LONG_LONG 8
| #define SIZEOF_VOID_P 8
| #define SIZEOF_LONG 8
| #define SIZEOF_INT 4
| #define HAVE_FCNTL_H 1
| #define HAVE_SYS_FILE_H 1
| #define HAVE_SYS_RESOURCE_H 1
| #define HAVE_SYS_STAT_H 1
| #define HAVE_SYS_TYPES_H 1
| #define HAVE_UNISTD_H 1
| #define HAVE_FCNTL 1
| #define HAVE_FDOPEN 1
| #define HAVE_FILENO 1
| #define HAVE_GETGID 1
| #define HAVE_GETPAGESIZE 1
| #define HAVE_GETRLIMIT 1
| #define HAVE_GETUID 1
| #define HAVE_SYSCONF 1
| #define HAVE_DECL_BASENAME 1
| #define HAVE_DECL_FFS 1
| #define HAVE_DECL_STPCPY 1
| #define HAVE_DECL_ASPRINTF 1
| #define HAVE_DECL_VASPRINTF 1
| #define HAVE_DECL_STRNLEN 1
| #define HAVE_DECL____LC_CODEPAGE_FUNC 0
| #define TLS _Thread_local
| #define HAVE_HIDDEN 1
| #define _STRUCTURED_PROC 1
| #define HAVE_SYS_PROCFS_H 1
| #define HAVE_PRSTATUS_T 1
| /* end confdefs.h.  */
| 
| #define _SYSCALL32
| #include <sys/procfs.h>
| int
| main ()
| {
| pxstatus_t avar
|   ;
|   return 0;
| }
configure:13712: result: no
configure:13716: checking for pstatus32_t in sys/procfs.h
configure:13734: gcc -c -g -O2      conftest.c >&5
conftest.c: In function 'main':
conftest.c:72:1: error: unknown type name 'pstatus32_t'; did you mean 'prstatus_t'?
   72 | pstatus32_t avar
      | ^~~~~~~~~~~
      | prstatus_t
configure:13734: $? = 1
configure: failed program was:
| /* confdefs.h */
| #define PACKAGE_NAME "bfd"
| #define PACKAGE_TARNAME "bfd"
| #define PACKAGE_VERSION "2.44"
| #define PACKAGE_STRING "bfd 2.44"
| #define PACKAGE_BUGREPORT ""
| #define PACKAGE_URL ""
| #define PACKAGE "bfd"
| #define VERSION "2.44"
| #define STDC_HEADERS 1
| #define HAVE_SYS_TYPES_H 1
| #define HAVE_SYS_STAT_H 1
| #define HAVE_STDLIB_H 1
| #define HAVE_STRING_H 1
| #define HAVE_MEMORY_H 1
| #define HAVE_STRINGS_H 1
| #define HAVE_INTTYPES_H 1
| #define HAVE_STDINT_H 1
| #define HAVE_UNISTD_H 1
| #define __EXTENSIONS__ 1
| #define _ALL_SOURCE 1
| #define _GNU_SOURCE 1
| #define _POSIX_PTHREAD_SEMANTICS 1
| #define _TANDEM_SOURCE 1
| #define HAVE_DLFCN_H 1
| #define LT_OBJDIR ".libs/"
| #define HAVE_DLFCN_H 1
| #define SIZEOF_VOID_P 8
| #define USE_SECUREPLT 1
| #define DEFAULT_LD_Z_SEPARATE_CODE 1
| #define ENABLE_NLS 1
| #define HAVE_GETTEXT 1
| #define HAVE_DCGETTEXT 1
| #define ENABLE_NLS 1
| #define SIZEOF_LONG_LONG 8
| #define SIZEOF_VOID_P 8
| #define SIZEOF_LONG 8
| #define SIZEOF_INT 4
| #define HAVE_FCNTL_H 1
| #define HAVE_SYS_FILE_H 1
| #define HAVE_SYS_RESOURCE_H 1
| #define HAVE_SYS_STAT_H 1
| #define HAVE_SYS_TYPES_H 1
| #define HAVE_UNISTD_H 1
| #define HAVE_FCNTL 1
| #define HAVE_FDOPEN 1
| #define HAVE_FILENO 1
| #define HAVE_GETGID 1
| #define HAVE_GETPAGESIZE 1
| #define HAVE_GETRLIMIT 1
| #define HAVE_GETUID 1
| #define HAVE_SYSCONF 1
| #define HAVE_DECL_BASENAME 1
| #define HAVE_DECL_FFS 1
| #define HAVE_DECL_STPCPY 1
| #define HAVE_DECL_ASPRINTF 1
| #define HAVE_DECL_VASPRINTF 1
| #define HAVE_DECL_STRNLEN 1
| #define HAVE_DECL____LC_CODEPAGE_FUNC 0
| #define TLS _Thread_local
| #define HAVE_HIDDEN 1
| #define _STRUCTURED_PROC 1
| #define HAVE_SYS_PROCFS_H 1
| #define HAVE_PRSTATUS_T 1
| /* end confdefs.h.  */
| 
| #define _SYSCALL32
| #include <sys/procfs.h>
| int
| main ()
| {
| pstatus32_t avar
|   ;
|   return 0;
| }
configure:13748: result: no
configure:13752: checking for prpsinfo_t in sys/procfs.h
configure:13770: gcc -c -g -O2      conftest.c >&5
configure:13770: $? = 0
configure:13784: result: yes
configure:13788: checking for prpsinfo_t.pr_pid in sys/procfs.h
configure:13806: gcc -c -g -O2      conftest.c >&5
configure:13806: $? = 0
configure:13820: result: yes
configure:13824: checking for prpsinfo32_t in sys/procfs.h
configure:13842: gcc -c -g -O2      conftest.c >&5
conftest.c: In function 'main':
conftest.c:74:1: error: unknown type name 'prpsinfo32_t'; did you mean 'prpsinfo_t'?
   74 | prpsinfo32_t avar
      | ^~~~~~~~~~~~
      | prpsinfo_t
configure:13842: $? = 1
configure: failed program was:
| /* confdefs.h */
| #define PACKAGE_NAME "bfd"
| #define PACKAGE_TARNAME "bfd"
| #define PACKAGE_VERSION "2.44"
| #define PACKAGE_STRING "bfd 2.44"
| #define PACKAGE_BUGREPORT ""
| #define PACKAGE_URL ""
| #define PACKAGE "bfd"
| #define VERSION "2.44"
| #define STDC_HEADERS 1
| #define HAVE_SYS_TYPES_H 1
| #define HAVE_SYS_STAT_H 1
| #define HAVE_STDLIB_H 1
| #define HAVE_STRING_H 1
| #define HAVE_MEMORY_H 1
| #define HAVE_STRINGS_H 1
| #define HAVE_INTTYPES_H 1
| #define HAVE_STDINT_H 1
| #define HAVE_UNISTD_H 1
| #define __EXTENSIONS__ 1
| #define _ALL_SOURCE 1
| #define _GNU_SOURCE 1
| #define _POSIX_PTHREAD_SEMANTICS 1
| #define _TANDEM_SOURCE 1
| #define HAVE_DLFCN_H 1
| #define LT_OBJDIR ".libs/"
| #define HAVE_DLFCN_H 1
| #define SIZEOF_VOID_P 8
| #define USE_SECUREPLT 1
| #define DEFAULT_LD_Z_SEPARATE_CODE 1
| #define ENABLE_NLS 1
| #define HAVE_GETTEXT 1
| #define HAVE_DCGETTEXT 1
| #define ENABLE_NLS 1
| #define SIZEOF_LONG_LONG 8
| #define SIZEOF_VOID_P 8
| #define SIZEOF_LONG 8
| #define SIZEOF_INT 4
| #define HAVE_FCNTL_H 1
| #define HAVE_SYS_FILE_H 1
| #define HAVE_SYS_RESOURCE_H 1
| #define HAVE_SYS_STAT_H 1
| #define HAVE_SYS_TYPES_H 1
| #define HAVE_UNISTD_H 1
| #define HAVE_FCNTL 1
| #define HAVE_FDOPEN 1
| #define HAVE_FILENO 1
| #define HAVE_GETGID 1
| #define HAVE_GETPAGESIZE 1
| #define HAVE_GETRLIMIT 1
| #define HAVE_GETUID 1
| #define HAVE_SYSCONF 1
| #define HAVE_DECL_BASENAME 1
| #define HAVE_DECL_FFS 1
| #define HAVE_DECL_STPCPY 1
| #define HAVE_DECL_ASPRINTF 1
| #define HAVE_DECL_VASPRINTF 1
| #define HAVE_DECL_STRNLEN 1
| #define HAVE_DECL____LC_CODEPAGE_FUNC 0
| #define TLS _Thread_local
| #define HAVE_HIDDEN 1
| #define _STRUCTURED_PROC 1
| #define HAVE_SYS_PROCFS_H 1
| #define HAVE_PRSTATUS_T 1
| #define HAVE_PRPSINFO_T 1
| #define HAVE_PRPSINFO_T_PR_PID 1
| /* end confdefs.h.  */
| 
| #define _SYSCALL32
| #include <sys/procfs.h>
| int
| main ()
| {
| prpsinfo32_t avar
|   ;
|   return 0;
| }
configure:13856: result: no
configure:13860: checking for prpsinfo32_t.pr_pid in sys/procfs.h
configure:13878: gcc -c -g -O2      conftest.c >&5
conftest.c: In function 'main':
conftest.c:74:1: error: unknown type name 'prpsinfo32_t'; did you mean 'prpsinfo_t'?
   74 | prpsinfo32_t avar; void* aref = (void*) &avar.pr_pid
      | ^~~~~~~~~~~~
      | prpsinfo_t
conftest.c:74:46: error: request for member 'pr_pid' in something not a structure or union
   74 | prpsinfo32_t avar; void* aref = (void*) &avar.pr_pid
      |                                              ^
configure:13878: $? = 1
configure: failed program was:
| /* confdefs.h */
| #define PACKAGE_NAME "bfd"
| #define PACKAGE_TARNAME "bfd"
| #define PACKAGE_VERSION "2.44"
| #define PACKAGE_STRING "bfd 2.44"
| #define PACKAGE_BUGREPORT ""
| #define PACKAGE_URL ""
| #define PACKAGE "bfd"
| #define VERSION "2.44"
| #define STDC_HEADERS 1
| #define HAVE_SYS_TYPES_H 1
| #define HAVE_SYS_STAT_H 1
| #define HAVE_STDLIB_H 1
| #define HAVE_STRING_H 1
| #define HAVE_MEMORY_H 1
| #define HAVE_STRINGS_H 1
| #define HAVE_INTTYPES_H 1
| #define HAVE_STDINT_H 1
| #define HAVE_UNISTD_H 1
| #define __EXTENSIONS__ 1
| #define _ALL_SOURCE 1
| #define _GNU_SOURCE 1
| #define _POSIX_PTHREAD_SEMANTICS 1
| #define _TANDEM_SOURCE 1
| #define HAVE_DLFCN_H 1
| #define LT_OBJDIR ".libs/"
| #define HAVE_DLFCN_H 1
| #define SIZEOF_VOID_P 8
| #define USE_SECUREPLT 1
| #define DEFAULT_LD_Z_SEPARATE_CODE 1
| #define ENABLE_NLS 1
| #define HAVE_GETTEXT 1
| #define HAVE_DCGETTEXT 1
| #define ENABLE_NLS 1
| #define SIZEOF_LONG_LONG 8
| #define SIZEOF_VOID_P 8
| #define SIZEOF_LONG 8
| #define SIZEOF_INT 4
| #define HAVE_FCNTL_H 1
| #define HAVE_SYS_FILE_H 1
| #define HAVE_SYS_RESOURCE_H 1
| #define HAVE_SYS_STAT_H 1
| #define HAVE_SYS_TYPES_H 1
| #define HAVE_UNISTD_H 1
| #define HAVE_FCNTL 1
| #define HAVE_FDOPEN 1
| #define HAVE_FILENO 1
| #define HAVE_GETGID 1
| #define HAVE_GETPAGESIZE 1
| #define HAVE_GETRLIMIT 1
| #define HAVE_GETUID 1
| #define HAVE_SYSCONF 1
| #define HAVE_DECL_BASENAME 1
| #define HAVE_DECL_FFS 1
| #define HAVE_DECL_STPCPY 1
| #define HAVE_DECL_ASPRINTF 1
| #define HAVE_DECL_VASPRINTF 1
| #define HAVE_DECL_STRNLEN 1
| #define HAVE_DECL____LC_CODEPAGE_FUNC 0
| #define TLS _Thread_local
| #define HAVE_HIDDEN 1
| #define _STRUCTURED_PROC 1
| #define HAVE_SYS_PROCFS_H 1
| #define HAVE_PRSTATUS_T 1
| #define HAVE_PRPSINFO_T 1
| #define HAVE_PRPSINFO_T_PR_PID 1
| /* end confdefs.h.  */
| 
| #define _SYSCALL32
| #include <sys/procfs.h>
| int
| main ()
| {
| prpsinfo32_t avar; void* aref = (void*) &avar.pr_pid
|   ;
|   return 0;
| }
configure:13892: result: no
configure:13896: checking for psinfo_t in sys/procfs.h
configure:13914: gcc -c -g -O2      conftest.c >&5
conftest.c: In function 'main':
conftest.c:74:1: error: unknown type name 'psinfo_t'; did you mean 'prpsinfo_t'?
   74 | psinfo_t avar
      | ^~~~~~~~
      | prpsinfo_t
configure:13914: $? = 1
configure: failed program was:
| /* confdefs.h */
| #define PACKAGE_NAME "bfd"
| #define PACKAGE_TARNAME "bfd"
| #define PACKAGE_VERSION "2.44"
| #define PACKAGE_STRING "bfd 2.44"
| #define PACKAGE_BUGREPORT ""
| #define PACKAGE_URL ""
| #define PACKAGE "bfd"
| #define VERSION "2.44"
| #define STDC_HEADERS 1
| #define HAVE_SYS_TYPES_H 1
| #define HAVE_SYS_STAT_H 1
| #define HAVE_STDLIB_H 1
| #define HAVE_STRING_H 1
| #define HAVE_MEMORY_H 1
| #define HAVE_STRINGS_H 1
| #define HAVE_INTTYPES_H 1
| #define HAVE_STDINT_H 1
| #define HAVE_UNISTD_H 1
| #define __EXTENSIONS__ 1
| #define _ALL_SOURCE 1
| #define _GNU_SOURCE 1
| #define _POSIX_PTHREAD_SEMANTICS 1
| #define _TANDEM_SOURCE 1
| #define HAVE_DLFCN_H 1
| #define LT_OBJDIR ".libs/"
| #define HAVE_DLFCN_H 1
| #define SIZEOF_VOID_P 8
| #define USE_SECUREPLT 1
| #define DEFAULT_LD_Z_SEPARATE_CODE 1
| #define ENABLE_NLS 1
| #define HAVE_GETTEXT 1
| #define HAVE_DCGETTEXT 1
| #define ENABLE_NLS 1
| #define SIZEOF_LONG_LONG 8
| #define SIZEOF_VOID_P 8
| #define SIZEOF_LONG 8
| #define SIZEOF_INT 4
| #define HAVE_FCNTL_H 1
| #define HAVE_SYS_FILE_H 1
| #define HAVE_SYS_RESOURCE_H 1
| #define HAVE_SYS_STAT_H 1
| #define HAVE_SYS_TYPES_H 1
| #define HAVE_UNISTD_H 1
| #define HAVE_FCNTL 1
| #define HAVE_FDOPEN 1
| #define HAVE_FILENO 1
| #define HAVE_GETGID 1
| #define HAVE_GETPAGESIZE 1
| #define HAVE_GETRLIMIT 1
| #define HAVE_GETUID 1
| #define HAVE_SYSCONF 1
| #define HAVE_DECL_BASENAME 1
| #define HAVE_DECL_FFS 1
| #define HAVE_DECL_STPCPY 1
| #define HAVE_DECL_ASPRINTF 1
| #define HAVE_DECL_VASPRINTF 1
| #define HAVE_DECL_STRNLEN 1
| #define HAVE_DECL____LC_CODEPAGE_FUNC 0
| #define TLS _Thread_local
| #define HAVE_HIDDEN 1
| #define _STRUCTURED_PROC 1
| #define HAVE_SYS_PROCFS_H 1
| #define HAVE_PRSTATUS_T 1
| #define HAVE_PRPSINFO_T 1
| #define HAVE_PRPSINFO_T_PR_PID 1
| /* end confdefs.h.  */
| 
| #define _SYSCALL32
| #include <sys/procfs.h>
| int
| main ()
| {
| psinfo_t avar
|   ;
|   return 0;
| }
configure:13928: result: no
configure:13932: checking for psinfo_t.pr_pid in sys/procfs.h
configure:13950: gcc -c -g -O2      conftest.c >&5
conftest.c: In function 'main':
conftest.c:74:1: error: unknown type name 'psinfo_t'; did you mean 'prpsinfo_t'?
   74 | psinfo_t avar; void* aref = (void*) &avar.pr_pid
      | ^~~~~~~~
      | prpsinfo_t
conftest.c:74:42: error: request for member 'pr_pid' in something not a structure or union
   74 | psinfo_t avar; void* aref = (void*) &avar.pr_pid
      |                                          ^
configure:13950: $? = 1
configure: failed program was:
| /* confdefs.h */
| #define PACKAGE_NAME "bfd"
| #define PACKAGE_TARNAME "bfd"
| #define PACKAGE_VERSION "2.44"
| #define PACKAGE_STRING "bfd 2.44"
| #define PACKAGE_BUGREPORT ""
| #define PACKAGE_URL ""
| #define PACKAGE "bfd"
| #define VERSION "2.44"
| #define STDC_HEADERS 1
| #define HAVE_SYS_TYPES_H 1
| #define HAVE_SYS_STAT_H 1
| #define HAVE_STDLIB_H 1
| #define HAVE_STRING_H 1
| #define HAVE_MEMORY_H 1
| #define HAVE_STRINGS_H 1
| #define HAVE_INTTYPES_H 1
| #define HAVE_STDINT_H 1
| #define HAVE_UNISTD_H 1
| #define __EXTENSIONS__ 1
| #define _ALL_SOURCE 1
| #define _GNU_SOURCE 1
| #define _POSIX_PTHREAD_SEMANTICS 1
| #define _TANDEM_SOURCE 1
| #define HAVE_DLFCN_H 1
| #define LT_OBJDIR ".libs/"
| #define HAVE_DLFCN_H 1
| #define SIZEOF_VOID_P 8
| #define USE_SECUREPLT 1
| #define DEFAULT_LD_Z_SEPARATE_CODE 1
| #define ENABLE_NLS 1
| #define HAVE_GETTEXT 1
| #define HAVE_DCGETTEXT 1
| #define ENABLE_NLS 1
| #define SIZEOF_LONG_LONG 8
| #define SIZEOF_VOID_P 8
| #define SIZEOF_LONG 8
| #define SIZEOF_INT 4
| #define HAVE_FCNTL_H 1
| #define HAVE_SYS_FILE_H 1
| #define HAVE_SYS_RESOURCE_H 1
| #define HAVE_SYS_STAT_H 1
| #define HAVE_SYS_TYPES_H 1
| #define HAVE_UNISTD_H 1
| #define HAVE_FCNTL 1
| #define HAVE_FDOPEN 1
| #define HAVE_FILENO 1
| #define HAVE_GETGID 1
| #define HAVE_GETPAGESIZE 1
| #define HAVE_GETRLIMIT 1
| #define HAVE_GETUID 1
| #define HAVE_SYSCONF 1
| #define HAVE_DECL_BASENAME 1
| #define HAVE_DECL_FFS 1
| #define HAVE_DECL_STPCPY 1
| #define HAVE_DECL_ASPRINTF 1
| #define HAVE_DECL_VASPRINTF 1
| #define HAVE_DECL_STRNLEN 1
| #define HAVE_DECL____LC_CODEPAGE_FUNC 0
| #define TLS _Thread_local
| #define HAVE_HIDDEN 1
| #define _STRUCTURED_PROC 1
| #define HAVE_SYS_PROCFS_H 1
| #define HAVE_PRSTATUS_T 1
| #define HAVE_PRPSINFO_T 1
| #define HAVE_PRPSINFO_T_PR_PID 1
| /* end confdefs.h.  */
| 
| #define _SYSCALL32
| #include <sys/procfs.h>
| int
| main ()
| {
| psinfo_t avar; void* aref = (void*) &avar.pr_pid
|   ;
|   return 0;
| }
configure:13964: result: no
configure:13968: checking for psinfo32_t in sys/procfs.h
configure:13986: gcc -c -g -O2      conftest.c >&5
conftest.c: In function 'main':
conftest.c:74:1: error: unknown type name 'psinfo32_t'
   74 | psinfo32_t avar
      | ^~~~~~~~~~
configure:13986: $? = 1
configure: failed program was:
| /* confdefs.h */
| #define PACKAGE_NAME "bfd"
| #define PACKAGE_TARNAME "bfd"
| #define PACKAGE_VERSION "2.44"
| #define PACKAGE_STRING "bfd 2.44"
| #define PACKAGE_BUGREPORT ""
| #define PACKAGE_URL ""
| #define PACKAGE "bfd"
| #define VERSION "2.44"
| #define STDC_HEADERS 1
| #define HAVE_SYS_TYPES_H 1
| #define HAVE_SYS_STAT_H 1
| #define HAVE_STDLIB_H 1
| #define HAVE_STRING_H 1
| #define HAVE_MEMORY_H 1
| #define HAVE_STRINGS_H 1
| #define HAVE_INTTYPES_H 1
| #define HAVE_STDINT_H 1
| #define HAVE_UNISTD_H 1
| #define __EXTENSIONS__ 1
| #define _ALL_SOURCE 1
| #define _GNU_SOURCE 1
| #define _POSIX_PTHREAD_SEMANTICS 1
| #define _TANDEM_SOURCE 1
| #define HAVE_DLFCN_H 1
| #define LT_OBJDIR ".libs/"
| #define HAVE_DLFCN_H 1
| #define SIZEOF_VOID_P 8
| #define USE_SECUREPLT 1
| #define DEFAULT_LD_Z_SEPARATE_CODE 1
| #define ENABLE_NLS 1
| #define HAVE_GETTEXT 1
| #define HAVE_DCGETTEXT 1
| #define ENABLE_NLS 1
| #define SIZEOF_LONG_LONG 8
| #define SIZEOF_VOID_P 8
| #define SIZEOF_LONG 8
| #define SIZEOF_INT 4
| #define HAVE_FCNTL_H 1
| #define HAVE_SYS_FILE_H 1
| #define HAVE_SYS_RESOURCE_H 1
| #define HAVE_SYS_STAT_H 1
| #define HAVE_SYS_TYPES_H 1
| #define HAVE_UNISTD_H 1
| #define HAVE_FCNTL 1
| #define HAVE_FDOPEN 1
| #define HAVE_FILENO 1
| #define HAVE_GETGID 1
| #define HAVE_GETPAGESIZE 1
| #define HAVE_GETRLIMIT 1
| #define HAVE_GETUID 1
| #define HAVE_SYSCONF 1
| #define HAVE_DECL_BASENAME 1
| #define HAVE_DECL_FFS 1
| #define HAVE_DECL_STPCPY 1
| #define HAVE_DECL_ASPRINTF 1
| #define HAVE_DECL_VASPRINTF 1
| #define HAVE_DECL_STRNLEN 1
| #define HAVE_DECL____LC_CODEPAGE_FUNC 0
| #define TLS _Thread_local
| #define HAVE_HIDDEN 1
| #define _STRUCTURED_PROC 1
| #define HAVE_SYS_PROCFS_H 1
| #define HAVE_PRSTATUS_T 1
| #define HAVE_PRPSINFO_T 1
| #define HAVE_PRPSINFO_T_PR_PID 1
| /* end confdefs.h.  */
| 
| #define _SYSCALL32
| #include <sys/procfs.h>
| int
| main ()
| {
| psinfo32_t avar
|   ;
|   return 0;
| }
configure:14000: result: no
configure:14004: checking for psinfo32_t.pr_pid in sys/procfs.h
configure:14022: gcc -c -g -O2      conftest.c >&5
conftest.c: In function 'main':
conftest.c:74:1: error: unknown type name 'psinfo32_t'
   74 | psinfo32_t avar; void* aref = (void*) &avar.pr_pid
      | ^~~~~~~~~~
conftest.c:74:44: error: request for member 'pr_pid' in something not a structure or union
   74 | psinfo32_t avar; void* aref = (void*) &avar.pr_pid
      |                                            ^
configure:14022: $? = 1
configure: failed program was:
| /* confdefs.h */
| #define PACKAGE_NAME "bfd"
| #define PACKAGE_TARNAME "bfd"
| #define PACKAGE_VERSION "2.44"
| #define PACKAGE_STRING "bfd 2.44"
| #define PACKAGE_BUGREPORT ""
| #define PACKAGE_URL ""
| #define PACKAGE "bfd"
| #define VERSION "2.44"
| #define STDC_HEADERS 1
| #define HAVE_SYS_TYPES_H 1
| #define HAVE_SYS_STAT_H 1
| #define HAVE_STDLIB_H 1
| #define HAVE_STRING_H 1
| #define HAVE_MEMORY_H 1
| #define HAVE_STRINGS_H 1
| #define HAVE_INTTYPES_H 1
| #define HAVE_STDINT_H 1
| #define HAVE_UNISTD_H 1
| #define __EXTENSIONS__ 1
| #define _ALL_SOURCE 1
| #define _GNU_SOURCE 1
| #define _POSIX_PTHREAD_SEMANTICS 1
| #define _TANDEM_SOURCE 1
| #define HAVE_DLFCN_H 1
| #define LT_OBJDIR ".libs/"
| #define HAVE_DLFCN_H 1
| #define SIZEOF_VOID_P 8
| #define USE_SECUREPLT 1
| #define DEFAULT_LD_Z_SEPARATE_CODE 1
| #define ENABLE_NLS 1
| #define HAVE_GETTEXT 1
| #define HAVE_DCGETTEXT 1
| #define ENABLE_NLS 1
| #define SIZEOF_LONG_LONG 8
| #define SIZEOF_VOID_P 8
| #define SIZEOF_LONG 8
| #define SIZEOF_INT 4
| #define HAVE_FCNTL_H 1
| #define HAVE_SYS_FILE_H 1
| #define HAVE_SYS_RESOURCE_H 1
| #define HAVE_SYS_STAT_H 1
| #define HAVE_SYS_TYPES_H 1
| #define HAVE_UNISTD_H 1
| #define HAVE_FCNTL 1
| #define HAVE_FDOPEN 1
| #define HAVE_FILENO 1
| #define HAVE_GETGID 1
| #define HAVE_GETPAGESIZE 1
| #define HAVE_GETRLIMIT 1
| #define HAVE_GETUID 1
| #define HAVE_SYSCONF 1
| #define HAVE_DECL_BASENAME 1
| #define HAVE_DECL_FFS 1
| #define HAVE_DECL_STPCPY 1
| #define HAVE_DECL_ASPRINTF 1
| #define HAVE_DECL_VASPRINTF 1
| #define HAVE_DECL_STRNLEN 1
| #define HAVE_DECL____LC_CODEPAGE_FUNC 0
| #define TLS _Thread_local
| #define HAVE_HIDDEN 1
| #define _STRUCTURED_PROC 1
| #define HAVE_SYS_PROCFS_H 1
| #define HAVE_PRSTATUS_T 1
| #define HAVE_PRPSINFO_T 1
| #define HAVE_PRPSINFO_T_PR_PID 1
| /* end confdefs.h.  */
| 
| #define _SYSCALL32
| #include <sys/procfs.h>
| int
| main ()
| {
| psinfo32_t avar; void* aref = (void*) &avar.pr_pid
|   ;
|   return 0;
| }
configure:14036: result: no
configure:14040: checking for lwpstatus_t in sys/procfs.h
configure:14058: gcc -c -g -O2      conftest.c >&5
conftest.c: In function 'main':
conftest.c:74:1: error: unknown type name 'lwpstatus_t'; did you mean 'prstatus_t'?
   74 | lwpstatus_t avar
      | ^~~~~~~~~~~
      | prstatus_t
configure:14058: $? = 1
configure: failed program was:
| /* confdefs.h */
| #define PACKAGE_NAME "bfd"
| #define PACKAGE_TARNAME "bfd"
| #define PACKAGE_VERSION "2.44"
| #define PACKAGE_STRING "bfd 2.44"
| #define PACKAGE_BUGREPORT ""
| #define PACKAGE_URL ""
| #define PACKAGE "bfd"
| #define VERSION "2.44"
| #define STDC_HEADERS 1
| #define HAVE_SYS_TYPES_H 1
| #define HAVE_SYS_STAT_H 1
| #define HAVE_STDLIB_H 1
| #define HAVE_STRING_H 1
| #define HAVE_MEMORY_H 1
| #define HAVE_STRINGS_H 1
| #define HAVE_INTTYPES_H 1
| #define HAVE_STDINT_H 1
| #define HAVE_UNISTD_H 1
| #define __EXTENSIONS__ 1
| #define _ALL_SOURCE 1
| #define _GNU_SOURCE 1
| #define _POSIX_PTHREAD_SEMANTICS 1
| #define _TANDEM_SOURCE 1
| #define HAVE_DLFCN_H 1
| #define LT_OBJDIR ".libs/"
| #define HAVE_DLFCN_H 1
| #define SIZEOF_VOID_P 8
| #define USE_SECUREPLT 1
| #define DEFAULT_LD_Z_SEPARATE_CODE 1
| #define ENABLE_NLS 1
| #define HAVE_GETTEXT 1
| #define HAVE_DCGETTEXT 1
| #define ENABLE_NLS 1
| #define SIZEOF_LONG_LONG 8
| #define SIZEOF_VOID_P 8
| #define SIZEOF_LONG 8
| #define SIZEOF_INT 4
| #define HAVE_FCNTL_H 1
| #define HAVE_SYS_FILE_H 1
| #define HAVE_SYS_RESOURCE_H 1
| #define HAVE_SYS_STAT_H 1
| #define HAVE_SYS_TYPES_H 1
| #define HAVE_UNISTD_H 1
| #define HAVE_FCNTL 1
| #define HAVE_FDOPEN 1
| #define HAVE_FILENO 1
| #define HAVE_GETGID 1
| #define HAVE_GETPAGESIZE 1
| #define HAVE_GETRLIMIT 1
| #define HAVE_GETUID 1
| #define HAVE_SYSCONF 1
| #define HAVE_DECL_BASENAME 1
| #define HAVE_DECL_FFS 1
| #define HAVE_DECL_STPCPY 1
| #define HAVE_DECL_ASPRINTF 1
| #define HAVE_DECL_VASPRINTF 1
| #define HAVE_DECL_STRNLEN 1
| #define HAVE_DECL____LC_CODEPAGE_FUNC 0
| #define TLS _Thread_local
| #define HAVE_HIDDEN 1
| #define _STRUCTURED_PROC 1
| #define HAVE_SYS_PROCFS_H 1
| #define HAVE_PRSTATUS_T 1
| #define HAVE_PRPSINFO_T 1
| #define HAVE_PRPSINFO_T_PR_PID 1
| /* end confdefs.h.  */
| 
| #define _SYSCALL32
| #include <sys/procfs.h>
| int
| main ()
| {
| lwpstatus_t avar
|   ;
|   return 0;
| }
configure:14072: result: no
configure:14076: checking for lwpxstatus_t in sys/procfs.h
configure:14094: gcc -c -g -O2      conftest.c >&5
conftest.c: In function 'main':
conftest.c:74:1: error: unknown type name 'lwpxstatus_t'; did you mean 'prstatus_t'?
   74 | lwpxstatus_t avar
      | ^~~~~~~~~~~~
      | prstatus_t
configure:14094: $? = 1
configure: failed program was:
| /* confdefs.h */
| #define PACKAGE_NAME "bfd"
| #define PACKAGE_TARNAME "bfd"
| #define PACKAGE_VERSION "2.44"
| #define PACKAGE_STRING "bfd 2.44"
| #define PACKAGE_BUGREPORT ""
| #define PACKAGE_URL ""
| #define PACKAGE "bfd"
| #define VERSION "2.44"
| #define STDC_HEADERS 1
| #define HAVE_SYS_TYPES_H 1
| #define HAVE_SYS_STAT_H 1
| #define HAVE_STDLIB_H 1
| #define HAVE_STRING_H 1
| #define HAVE_MEMORY_H 1
| #define HAVE_STRINGS_H 1
| #define HAVE_INTTYPES_H 1
| #define HAVE_STDINT_H 1
| #define HAVE_UNISTD_H 1
| #define __EXTENSIONS__ 1
| #define _ALL_SOURCE 1
| #define _GNU_SOURCE 1
| #define _POSIX_PTHREAD_SEMANTICS 1
| #define _TANDEM_SOURCE 1
| #define HAVE_DLFCN_H 1
| #define LT_OBJDIR ".libs/"
| #define HAVE_DLFCN_H 1
| #define SIZEOF_VOID_P 8
| #define USE_SECUREPLT 1
| #define DEFAULT_LD_Z_SEPARATE_CODE 1
| #define ENABLE_NLS 1
| #define HAVE_GETTEXT 1
| #define HAVE_DCGETTEXT 1
| #define ENABLE_NLS 1
| #define SIZEOF_LONG_LONG 8
| #define SIZEOF_VOID_P 8
| #define SIZEOF_LONG 8
| #define SIZEOF_INT 4
| #define HAVE_FCNTL_H 1
| #define HAVE_SYS_FILE_H 1
| #define HAVE_SYS_RESOURCE_H 1
| #define HAVE_SYS_STAT_H 1
| #define HAVE_SYS_TYPES_H 1
| #define HAVE_UNISTD_H 1
| #define HAVE_FCNTL 1
| #define HAVE_FDOPEN 1
| #define HAVE_FILENO 1
| #define HAVE_GETGID 1
| #define HAVE_GETPAGESIZE 1
| #define HAVE_GETRLIMIT 1
| #define HAVE_GETUID 1
| #define HAVE_SYSCONF 1
| #define HAVE_DECL_BASENAME 1
| #define HAVE_DECL_FFS 1
| #define HAVE_DECL_STPCPY 1
| #define HAVE_DECL_ASPRINTF 1
| #define HAVE_DECL_VASPRINTF 1
| #define HAVE_DECL_STRNLEN 1
| #define HAVE_DECL____LC_CODEPAGE_FUNC 0
| #define TLS _Thread_local
| #define HAVE_HIDDEN 1
| #define _STRUCTURED_PROC 1
| #define HAVE_SYS_PROCFS_H 1
| #define HAVE_PRSTATUS_T 1
| #define HAVE_PRPSINFO_T 1
| #define HAVE_PRPSINFO_T_PR_PID 1
| /* end confdefs.h.  */
| 
| #define _SYSCALL32
| #include <sys/procfs.h>
| int
| main ()
| {
| lwpxstatus_t avar
|   ;
|   return 0;
| }
configure:14108: result: no
configure:14112: checking for lwpstatus_t.pr_context in sys/procfs.h
configure:14130: gcc -c -g -O2      conftest.c >&5
conftest.c: In function 'main':
conftest.c:74:1: error: unknown type name 'lwpstatus_t'; did you mean 'prstatus_t'?
   74 | lwpstatus_t avar; void* aref = (void*) &avar.pr_context
      | ^~~~~~~~~~~
      | prstatus_t
conftest.c:74:45: error: request for member 'pr_context' in something not a structure or union
   74 | lwpstatus_t avar; void* aref = (void*) &avar.pr_context
      |                                             ^
configure:14130: $? = 1
configure: failed program was:
| /* confdefs.h */
| #define PACKAGE_NAME "bfd"
| #define PACKAGE_TARNAME "bfd"
| #define PACKAGE_VERSION "2.44"
| #define PACKAGE_STRING "bfd 2.44"
| #define PACKAGE_BUGREPORT ""
| #define PACKAGE_URL ""
| #define PACKAGE "bfd"
| #define VERSION "2.44"
| #define STDC_HEADERS 1
| #define HAVE_SYS_TYPES_H 1
| #define HAVE_SYS_STAT_H 1
| #define HAVE_STDLIB_H 1
| #define HAVE_STRING_H 1
| #define HAVE_MEMORY_H 1
| #define HAVE_STRINGS_H 1
| #define HAVE_INTTYPES_H 1
| #define HAVE_STDINT_H 1
| #define HAVE_UNISTD_H 1
| #define __EXTENSIONS__ 1
| #define _ALL_SOURCE 1
| #define _GNU_SOURCE 1
| #define _POSIX_PTHREAD_SEMANTICS 1
| #define _TANDEM_SOURCE 1
| #define HAVE_DLFCN_H 1
| #define LT_OBJDIR ".libs/"
| #define HAVE_DLFCN_H 1
| #define SIZEOF_VOID_P 8
| #define USE_SECUREPLT 1
| #define DEFAULT_LD_Z_SEPARATE_CODE 1
| #define ENABLE_NLS 1
| #define HAVE_GETTEXT 1
| #define HAVE_DCGETTEXT 1
| #define ENABLE_NLS 1
| #define SIZEOF_LONG_LONG 8
| #define SIZEOF_VOID_P 8
| #define SIZEOF_LONG 8
| #define SIZEOF_INT 4
| #define HAVE_FCNTL_H 1
| #define HAVE_SYS_FILE_H 1
| #define HAVE_SYS_RESOURCE_H 1
| #define HAVE_SYS_STAT_H 1
| #define HAVE_SYS_TYPES_H 1
| #define HAVE_UNISTD_H 1
| #define HAVE_FCNTL 1
| #define HAVE_FDOPEN 1
| #define HAVE_FILENO 1
| #define HAVE_GETGID 1
| #define HAVE_GETPAGESIZE 1
| #define HAVE_GETRLIMIT 1
| #define HAVE_GETUID 1
| #define HAVE_SYSCONF 1
| #define HAVE_DECL_BASENAME 1
| #define HAVE_DECL_FFS 1
| #define HAVE_DECL_STPCPY 1
| #define HAVE_DECL_ASPRINTF 1
| #define HAVE_DECL_VASPRINTF 1
| #define HAVE_DECL_STRNLEN 1
| #define HAVE_DECL____LC_CODEPAGE_FUNC 0
| #define TLS _Thread_local
| #define HAVE_HIDDEN 1
| #define _STRUCTURED_PROC 1
| #define HAVE_SYS_PROCFS_H 1
| #define HAVE_PRSTATUS_T 1
| #define HAVE_PRPSINFO_T 1
| #define HAVE_PRPSINFO_T_PR_PID 1
| /* end confdefs.h.  */
| 
| #define _SYSCALL32
| #include <sys/procfs.h>
| int
| main ()
| {
| lwpstatus_t avar; void* aref = (void*) &avar.pr_context
|   ;
|   return 0;
| }
configure:14144: result: no
configure:14148: checking for lwpstatus_t.pr_reg in sys/procfs.h
configure:14166: gcc -c -g -O2      conftest.c >&5
conftest.c: In function 'main':
conftest.c:74:1: error: unknown type name 'lwpstatus_t'; did you mean 'prstatus_t'?
   74 | lwpstatus_t avar; void* aref = (void*) &avar.pr_reg
      | ^~~~~~~~~~~
      | prstatus_t
conftest.c:74:45: error: request for member 'pr_reg' in something not a structure or union
   74 | lwpstatus_t avar; void* aref = (void*) &avar.pr_reg
      |                                             ^
configure:14166: $? = 1
configure: failed program was:
| /* confdefs.h */
| #define PACKAGE_NAME "bfd"
| #define PACKAGE_TARNAME "bfd"
| #define PACKAGE_VERSION "2.44"
| #define PACKAGE_STRING "bfd 2.44"
| #define PACKAGE_BUGREPORT ""
| #define PACKAGE_URL ""
| #define PACKAGE "bfd"
| #define VERSION "2.44"
| #define STDC_HEADERS 1
| #define HAVE_SYS_TYPES_H 1
| #define HAVE_SYS_STAT_H 1
| #define HAVE_STDLIB_H 1
| #define HAVE_STRING_H 1
| #define HAVE_MEMORY_H 1
| #define HAVE_STRINGS_H 1
| #define HAVE_INTTYPES_H 1
| #define HAVE_STDINT_H 1
| #define HAVE_UNISTD_H 1
| #define __EXTENSIONS__ 1
| #define _ALL_SOURCE 1
| #define _GNU_SOURCE 1
| #define _POSIX_PTHREAD_SEMANTICS 1
| #define _TANDEM_SOURCE 1
| #define HAVE_DLFCN_H 1
| #define LT_OBJDIR ".libs/"
| #define HAVE_DLFCN_H 1
| #define SIZEOF_VOID_P 8
| #define USE_SECUREPLT 1
| #define DEFAULT_LD_Z_SEPARATE_CODE 1
| #define ENABLE_NLS 1
| #define HAVE_GETTEXT 1
| #define HAVE_DCGETTEXT 1
| #define ENABLE_NLS 1
| #define SIZEOF_LONG_LONG 8
| #define SIZEOF_VOID_P 8
| #define SIZEOF_LONG 8
| #define SIZEOF_INT 4
| #define HAVE_FCNTL_H 1
| #define HAVE_SYS_FILE_H 1
| #define HAVE_SYS_RESOURCE_H 1
| #define HAVE_SYS_STAT_H 1
| #define HAVE_SYS_TYPES_H 1
| #define HAVE_UNISTD_H 1
| #define HAVE_FCNTL 1
| #define HAVE_FDOPEN 1
| #define HAVE_FILENO 1
| #define HAVE_GETGID 1
| #define HAVE_GETPAGESIZE 1
| #define HAVE_GETRLIMIT 1
| #define HAVE_GETUID 1
| #define HAVE_SYSCONF 1
| #define HAVE_DECL_BASENAME 1
| #define HAVE_DECL_FFS 1
| #define HAVE_DECL_STPCPY 1
| #define HAVE_DECL_ASPRINTF 1
| #define HAVE_DECL_VASPRINTF 1
| #define HAVE_DECL_STRNLEN 1
| #define HAVE_DECL____LC_CODEPAGE_FUNC 0
| #define TLS _Thread_local
| #define HAVE_HIDDEN 1
| #define _STRUCTURED_PROC 1
| #define HAVE_SYS_PROCFS_H 1
| #define HAVE_PRSTATUS_T 1
| #define HAVE_PRPSINFO_T 1
| #define HAVE_PRPSINFO_T_PR_PID 1
| /* end confdefs.h.  */
| 
| #define _SYSCALL32
| #include <sys/procfs.h>
| int
| main ()
| {
| lwpstatus_t avar; void* aref = (void*) &avar.pr_reg
|   ;
|   return 0;
| }
configure:14180: result: no
configure:14184: checking for lwpstatus_t.pr_fpreg in sys/procfs.h
configure:14202: gcc -c -g -O2      conftest.c >&5
conftest.c: In function 'main':
conftest.c:74:1: error: unknown type name 'lwpstatus_t'; did you mean 'prstatus_t'?
   74 | lwpstatus_t avar; void* aref = (void*) &avar.pr_fpreg
      | ^~~~~~~~~~~
      | prstatus_t
conftest.c:74:45: error: request for member 'pr_fpreg' in something not a structure or union
   74 | lwpstatus_t avar; void* aref = (void*) &avar.pr_fpreg
      |                                             ^
configure:14202: $? = 1
configure: failed program was:
| /* confdefs.h */
| #define PACKAGE_NAME "bfd"
| #define PACKAGE_TARNAME "bfd"
| #define PACKAGE_VERSION "2.44"
| #define PACKAGE_STRING "bfd 2.44"
| #define PACKAGE_BUGREPORT ""
| #define PACKAGE_URL ""
| #define PACKAGE "bfd"
| #define VERSION "2.44"
| #define STDC_HEADERS 1
| #define HAVE_SYS_TYPES_H 1
| #define HAVE_SYS_STAT_H 1
| #define HAVE_STDLIB_H 1
| #define HAVE_STRING_H 1
| #define HAVE_MEMORY_H 1
| #define HAVE_STRINGS_H 1
| #define HAVE_INTTYPES_H 1
| #define HAVE_STDINT_H 1
| #define HAVE_UNISTD_H 1
| #define __EXTENSIONS__ 1
| #define _ALL_SOURCE 1
| #define _GNU_SOURCE 1
| #define _POSIX_PTHREAD_SEMANTICS 1
| #define _TANDEM_SOURCE 1
| #define HAVE_DLFCN_H 1
| #define LT_OBJDIR ".libs/"
| #define HAVE_DLFCN_H 1
| #define SIZEOF_VOID_P 8
| #define USE_SECUREPLT 1
| #define DEFAULT_LD_Z_SEPARATE_CODE 1
| #define ENABLE_NLS 1
| #define HAVE_GETTEXT 1
| #define HAVE_DCGETTEXT 1
| #define ENABLE_NLS 1
| #define SIZEOF_LONG_LONG 8
| #define SIZEOF_VOID_P 8
| #define SIZEOF_LONG 8
| #define SIZEOF_INT 4
| #define HAVE_FCNTL_H 1
| #define HAVE_SYS_FILE_H 1
| #define HAVE_SYS_RESOURCE_H 1
| #define HAVE_SYS_STAT_H 1
| #define HAVE_SYS_TYPES_H 1
| #define HAVE_UNISTD_H 1
| #define HAVE_FCNTL 1
| #define HAVE_FDOPEN 1
| #define HAVE_FILENO 1
| #define HAVE_GETGID 1
| #define HAVE_GETPAGESIZE 1
| #define HAVE_GETRLIMIT 1
| #define HAVE_GETUID 1
| #define HAVE_SYSCONF 1
| #define HAVE_DECL_BASENAME 1
| #define HAVE_DECL_FFS 1
| #define HAVE_DECL_STPCPY 1
| #define HAVE_DECL_ASPRINTF 1
| #define HAVE_DECL_VASPRINTF 1
| #define HAVE_DECL_STRNLEN 1
| #define HAVE_DECL____LC_CODEPAGE_FUNC 0
| #define TLS _Thread_local
| #define HAVE_HIDDEN 1
| #define _STRUCTURED_PROC 1
| #define HAVE_SYS_PROCFS_H 1
| #define HAVE_PRSTATUS_T 1
| #define HAVE_PRPSINFO_T 1
| #define HAVE_PRPSINFO_T_PR_PID 1
| /* end confdefs.h.  */
| 
| #define _SYSCALL32
| #include <sys/procfs.h>
| int
| main ()
| {
| lwpstatus_t avar; void* aref = (void*) &avar.pr_fpreg
|   ;
|   return 0;
| }
configure:14216: result: no
configure:14220: checking for win32_pstatus_t in sys/procfs.h
configure:14238: gcc -c -g -O2      conftest.c >&5
conftest.c: In function 'main':
conftest.c:74:1: error: unknown type name 'win32_pstatus_t'
   74 | win32_pstatus_t avar
      | ^~~~~~~~~~~~~~~
configure:14238: $? = 1
configure: failed program was:
| /* confdefs.h */
| #define PACKAGE_NAME "bfd"
| #define PACKAGE_TARNAME "bfd"
| #define PACKAGE_VERSION "2.44"
| #define PACKAGE_STRING "bfd 2.44"
| #define PACKAGE_BUGREPORT ""
| #define PACKAGE_URL ""
| #define PACKAGE "bfd"
| #define VERSION "2.44"
| #define STDC_HEADERS 1
| #define HAVE_SYS_TYPES_H 1
| #define HAVE_SYS_STAT_H 1
| #define HAVE_STDLIB_H 1
| #define HAVE_STRING_H 1
| #define HAVE_MEMORY_H 1
| #define HAVE_STRINGS_H 1
| #define HAVE_INTTYPES_H 1
| #define HAVE_STDINT_H 1
| #define HAVE_UNISTD_H 1
| #define __EXTENSIONS__ 1
| #define _ALL_SOURCE 1
| #define _GNU_SOURCE 1
| #define _POSIX_PTHREAD_SEMANTICS 1
| #define _TANDEM_SOURCE 1
| #define HAVE_DLFCN_H 1
| #define LT_OBJDIR ".libs/"
| #define HAVE_DLFCN_H 1
| #define SIZEOF_VOID_P 8
| #define USE_SECUREPLT 1
| #define DEFAULT_LD_Z_SEPARATE_CODE 1
| #define ENABLE_NLS 1
| #define HAVE_GETTEXT 1
| #define HAVE_DCGETTEXT 1
| #define ENABLE_NLS 1
| #define SIZEOF_LONG_LONG 8
| #define SIZEOF_VOID_P 8
| #define SIZEOF_LONG 8
| #define SIZEOF_INT 4
| #define HAVE_FCNTL_H 1
| #define HAVE_SYS_FILE_H 1
| #define HAVE_SYS_RESOURCE_H 1
| #define HAVE_SYS_STAT_H 1
| #define HAVE_SYS_TYPES_H 1
| #define HAVE_UNISTD_H 1
| #define HAVE_FCNTL 1
| #define HAVE_FDOPEN 1
| #define HAVE_FILENO 1
| #define HAVE_GETGID 1
| #define HAVE_GETPAGESIZE 1
| #define HAVE_GETRLIMIT 1
| #define HAVE_GETUID 1
| #define HAVE_SYSCONF 1
| #define HAVE_DECL_BASENAME 1
| #define HAVE_DECL_FFS 1
| #define HAVE_DECL_STPCPY 1
| #define HAVE_DECL_ASPRINTF 1
| #define HAVE_DECL_VASPRINTF 1
| #define HAVE_DECL_STRNLEN 1
| #define HAVE_DECL____LC_CODEPAGE_FUNC 0
| #define TLS _Thread_local
| #define HAVE_HIDDEN 1
| #define _STRUCTURED_PROC 1
| #define HAVE_SYS_PROCFS_H 1
| #define HAVE_PRSTATUS_T 1
| #define HAVE_PRPSINFO_T 1
| #define HAVE_PRPSINFO_T_PR_PID 1
| /* end confdefs.h.  */
| 
| #define _SYSCALL32
| #include <sys/procfs.h>
| int
| main ()
| {
| win32_pstatus_t avar
|   ;
|   return 0;
| }
configure:14252: result: no
configure:14290: checking for ftello
configure:14290: gcc -o conftest -g -O2        conftest.c -ldl  >&5
configure:14290: $? = 0
configure:14290: result: yes
configure:14290: checking for ftello64
configure:14290: gcc -o conftest -g -O2        conftest.c -ldl  >&5
configure:14290: $? = 0
configure:14290: result: yes
configure:14290: checking for fseeko
configure:14290: gcc -o conftest -g -O2        conftest.c -ldl  >&5
configure:14290: $? = 0
configure:14290: result: yes
configure:14290: checking for fseeko64
configure:14290: gcc -o conftest -g -O2        conftest.c -ldl  >&5
configure:14290: $? = 0
configure:14290: result: yes
configure:14290: checking for fopen64
configure:14290: gcc -o conftest -g -O2        conftest.c -ldl  >&5
configure:14290: $? = 0
configure:14290: result: yes
configure:14299: checking whether ftello is declared
configure:14299: gcc -c -g -O2      conftest.c >&5
configure:14299: $? = 0
configure:14299: result: yes
configure:14309: checking whether ftello64 is declared
configure:14309: gcc -c -g -O2      conftest.c >&5
configure:14309: $? = 0
configure:14309: result: yes
configure:14319: checking whether fseeko is declared
configure:14319: gcc -c -g -O2      conftest.c >&5
configure:14319: $? = 0
configure:14319: result: yes
configure:14329: checking whether fseeko64 is declared
configure:14329: gcc -c -g -O2      conftest.c >&5
configure:14329: $? = 0
configure:14329: result: yes
configure:14339: checking whether fopen64 is declared
configure:14339: gcc -c -g -O2      conftest.c >&5
configure:14339: $? = 0
configure:14339: result: yes
configure:14355: checking size of off_t
configure:14360: gcc -o conftest -g -O2        conftest.c -ldl  >&5
configure:14360: $? = 0
configure:14360: ./conftest
configure:14360: $? = 0
configure:14374: result: 8
configure:14385: checking file_ptr type
configure:14394: result: int64_t
configure:14405: checking for stdlib.h
configure:14405: result: yes
configure:14405: checking for unistd.h
configure:14405: result: yes
configure:14405: checking for sys/param.h
configure:14405: gcc -c -g -O2      conftest.c >&5
configure:14405: $? = 0
configure:14405: result: yes
configure:14428: checking for getpagesize
configure:14428: result: yes
configure:14437: checking for working mmap
configure:14584: gcc -o conftest -g -O2        conftest.c -ldl  >&5
configure:14584: $? = 0
configure:14584: ./conftest
configure:14584: $? = 0
configure:14594: result: yes
configure:14608: checking for madvise
configure:14608: gcc -o conftest -g -O2        conftest.c -ldl  >&5
configure:14608: $? = 0
configure:14608: result: yes
configure:14608: checking for mprotect
configure:14608: gcc -o conftest -g -O2        conftest.c -ldl  >&5
configure:14608: $? = 0
configure:14608: result: yes
configure:14691: updating cache ./config.cache
configure:14735: checking that generated files are newer than configure
configure:14741: result: done
configure:14785: creating ./config.status

## ---------------------- ##
## Running config.status. ##
## ---------------------- ##

This file was extended by bfd config.status 2.44, which was
generated by GNU Autoconf 2.69.  Invocation command line was

  CONFIG_FILES    = 
  CONFIG_HEADERS  = 
  CONFIG_LINKS    = 
  CONFIG_COMMANDS = 
  $ ./config.status 

on f29a80703b68

config.status:1229: creating Makefile
config.status:1229: creating bfd-in3.h
config.status:1229: creating po/Makefile.in
config.status:1229: creating config.h
config.status:1443: executing depfiles commands
config.status:1443: executing libtool commands
config.status:1443: executing default-1 commands
config.status:1443: executing default-2 commands
config.status:1443: executing default commands

## ---------------- ##
## Cache variables. ##
## ---------------- ##

ac_cv_build=x86_64-pc-linux-gnu
ac_cv_c_bigendian=no
ac_cv_c_compiler_gnu=yes
ac_cv_env_CC_set=set
ac_cv_env_CC_value=gcc
ac_cv_env_CFLAGS_set=set
ac_cv_env_CFLAGS_value='-g -O2    '
ac_cv_env_CPPFLAGS_set=
ac_cv_env_CPPFLAGS_value=
ac_cv_env_CPP_set=
ac_cv_env_CPP_value=
ac_cv_env_LDFLAGS_set=set
ac_cv_env_LDFLAGS_value=' '
ac_cv_env_LIBS_set=
ac_cv_env_LIBS_value=
ac_cv_env_PKG_CONFIG_LIBDIR_set=
ac_cv_env_PKG_CONFIG_LIBDIR_value=
ac_cv_env_PKG_CONFIG_PATH_set=set
ac_cv_env_PKG_CONFIG_PATH_value=
ac_cv_env_PKG_CONFIG_set=
ac_cv_env_PKG_CONFIG_value=
ac_cv_env_ZSTD_CFLAGS_set=
ac_cv_env_ZSTD_CFLAGS_value=
ac_cv_env_ZSTD_LIBS_set=
ac_cv_env_ZSTD_LIBS_value=
ac_cv_env_build_alias_set=set
ac_cv_env_build_alias_value=x86_64-pc-linux-gnu
ac_cv_env_host_alias_set=set
ac_cv_env_host_alias_value=x86_64-pc-linux-gnu
ac_cv_env_target_alias_set=set
ac_cv_env_target_alias_value=x86_64-pc-linux-gnu
ac_cv_func_dlopen=no
ac_cv_func_fcntl=yes
ac_cv_func_fdopen=yes
ac_cv_func_fileno=yes
ac_cv_func_fls=no
ac_cv_func_fopen64=yes
ac_cv_func_fseeko64=yes
ac_cv_func_fseeko=yes
ac_cv_func_ftello64=yes
ac_cv_func_ftello=yes
ac_cv_func_getgid=yes
ac_cv_func_getpagesize=yes
ac_cv_func_getrlimit=yes
ac_cv_func_getuid=yes
ac_cv_func_madvise=yes
ac_cv_func_mmap_fixed_mapped=yes
ac_cv_func_mprotect=yes
ac_cv_func_shl_load=no
ac_cv_func_sysconf=yes
ac_cv_have_decl____lc_codepage_func=no
ac_cv_have_decl_asprintf=yes
ac_cv_have_decl_basename=yes
ac_cv_have_decl_ffs=yes
ac_cv_have_decl_fopen64=yes
ac_cv_have_decl_fseeko64=yes
ac_cv_have_decl_fseeko=yes
ac_cv_have_decl_ftello64=yes
ac_cv_have_decl_ftello=yes
ac_cv_have_decl_stpcpy=yes
ac_cv_have_decl_strnlen=yes
ac_cv_have_decl_vasprintf=yes
ac_cv_header_dlfcn_h=yes
ac_cv_header_fcntl_h=yes
ac_cv_header_inttypes_h=yes
ac_cv_header_memory_h=yes
ac_cv_header_minix_config_h=no
ac_cv_header_stdc=yes
ac_cv_header_stdint_h=yes
ac_cv_header_stdlib_h=yes
ac_cv_header_string_h=yes
ac_cv_header_strings_h=yes
ac_cv_header_sys_file_h=yes
ac_cv_header_sys_param_h=yes
ac_cv_header_sys_procfs_h=yes
ac_cv_header_sys_resource_h=yes
ac_cv_header_sys_stat_h=yes
ac_cv_header_sys_types_h=yes
ac_cv_header_unistd_h=yes
ac_cv_header_windows_h=no
ac_cv_host=x86_64-pc-linux-gnu
ac_cv_lib_dl_dlopen=yes
ac_cv_lib_dld_shl_load=no
ac_cv_lib_m_cos=yes
ac_cv_objext=o
ac_cv_path_EGREP='/usr/bin/grep -E'
ac_cv_path_FGREP='/usr/bin/grep -F'
ac_cv_path_GMSGFMT=/usr/bin/msgfmt
ac_cv_path_GREP=/usr/bin/grep
ac_cv_path_MSGFMT=/usr/bin/msgfmt
ac_cv_path_MSGMERGE=/usr/bin/msgmerge
ac_cv_path_SED=/usr/bin/sed
ac_cv_path_XGETTEXT=/usr/bin/xgettext
ac_cv_path_ac_pt_PKG_CONFIG=/usr/bin/pkg-config
ac_cv_path_mkdir=/usr/bin/mkdir
ac_cv_prog_AR='ar --plugin /usr/lib/gcc/x86_64-linux-gnu/9/liblto_plugin.so'
ac_cv_prog_AWK=gawk
ac_cv_prog_CC=gcc
ac_cv_prog_CPP='gcc -E'
ac_cv_prog_OBJDUMP=objdump
ac_cv_prog_RANLIB='ranlib --plugin /usr/lib/gcc/x86_64-linux-gnu/9/liblto_plugin.so'
ac_cv_prog_ac_ct_STRIP=strip
ac_cv_prog_cc_c89=
ac_cv_prog_cc_g=yes
ac_cv_prog_make_make_set=yes
ac_cv_safe_to_define___extensions__=yes
ac_cv_search_dlsym=-ldl
ac_cv_sizeof_int=4
ac_cv_sizeof_long=8
ac_cv_sizeof_long_long=8
ac_cv_sizeof_off_t=8
ac_cv_sizeof_void_p=8
ac_cv_sys_file_offset_bits=no
ac_cv_sys_largefile_CC=no
ac_cv_target=x86_64-pc-linux-gnu
ac_cv_tls=_Thread_local
acl_cv_hardcode_direct=no
acl_cv_hardcode_libdir_flag_spec='${wl}-rpath ${wl}$libdir'
acl_cv_hardcode_libdir_separator=
acl_cv_hardcode_minus_L=no
acl_cv_libext=a
acl_cv_path_LD='ld -m elf_x86_64'
acl_cv_prog_gnu_ld=yes
acl_cv_rpath=done
acl_cv_shlibext=so
acl_cv_wl=-Wl,
am_cv_CC_dependencies_compiler_type=gcc3
am_cv_make_support_nested_variables=yes
am_cv_prog_cc_c_o=yes
bfd_cv_have_sys_procfs_type_lwpstatus_t=no
bfd_cv_have_sys_procfs_type_lwpxstatus_t=no
bfd_cv_have_sys_procfs_type_member_lwpstatus_t_pr_context=no
bfd_cv_have_sys_procfs_type_member_lwpstatus_t_pr_fpreg=no
bfd_cv_have_sys_procfs_type_member_lwpstatus_t_pr_reg=no
bfd_cv_have_sys_procfs_type_member_prpsinfo32_t_pr_pid=no
bfd_cv_have_sys_procfs_type_member_prpsinfo_t_pr_pid=yes
bfd_cv_have_sys_procfs_type_member_prstatus32_t_pr_who=no
bfd_cv_have_sys_procfs_type_member_prstatus_t_pr_who=no
bfd_cv_have_sys_procfs_type_member_psinfo32_t_pr_pid=no
bfd_cv_have_sys_procfs_type_member_psinfo_t_pr_pid=no
bfd_cv_have_sys_procfs_type_prpsinfo32_t=no
bfd_cv_have_sys_procfs_type_prpsinfo_t=yes
bfd_cv_have_sys_procfs_type_prstatus32_t=no
bfd_cv_have_sys_procfs_type_prstatus_t=yes
bfd_cv_have_sys_procfs_type_psinfo32_t=no
bfd_cv_have_sys_procfs_type_psinfo_t=no
bfd_cv_have_sys_procfs_type_pstatus32_t=no
bfd_cv_have_sys_procfs_type_pstatus_t=no
bfd_cv_have_sys_procfs_type_pxstatus_t=no
bfd_cv_have_sys_procfs_type_win32_pstatus_t=no
bfd_cv_hidden=yes
bfd_cv_ld_as_needed=yes
gt_cv_func_CFLocaleCopyPreferredLanguages=no
gt_cv_func_CFPreferencesCopyAppValue=no
gt_cv_func_gnugettext1_libc=yes
lt_cv_deplibs_check_method=pass_all
lt_cv_dlopen=dlopen
lt_cv_dlopen_libs=-ldl
lt_cv_dlopen_self=yes
lt_cv_dlopen_self_static=no
lt_cv_file_magic_cmd='$MAGIC_CMD'
lt_cv_file_magic_test_file=
lt_cv_ld_reload_flag=-r
lt_cv_nm_interface='BSD nm'
lt_cv_objdir=.libs
lt_cv_path_LD=ld
lt_cv_path_NM='/usr/bin/nm -B'
lt_cv_prog_compiler_c_o=yes
lt_cv_prog_compiler_pic_works=yes
lt_cv_prog_compiler_rtti_exceptions=no
lt_cv_prog_compiler_static_works=yes
lt_cv_prog_gnu_ld=yes
lt_cv_shlibpath_overrides_runpath=yes
lt_cv_sys_global_symbol_pipe='sed -n -e '\''s/^.*[	 ]\([ABCDGIRSTW][ABCDGIRSTW]*\)[	 ][	 ]*\([_A-Za-z][_A-Za-z0-9]*\)$/\1 \2 \2/p'\'''
lt_cv_sys_global_symbol_to_c_name_address='sed -n -e '\''s/^: \([^ ]*\) $/  {\"\1\", (void *) 0},/p'\'' -e '\''s/^[ABCDGIRSTW]* \([^ ]*\) \([^ ]*\)$/  {"\2", (void *) \&\2},/p'\'''
lt_cv_sys_global_symbol_to_c_name_address_lib_prefix='sed -n -e '\''s/^: \([^ ]*\) $/  {\"\1\", (void *) 0},/p'\'' -e '\''s/^[ABCDGIRSTW]* \([^ ]*\) \(lib[^ ]*\)$/  {"\2", (void *) \&\2},/p'\'' -e '\''s/^[ABCDGIRSTW]* \([^ ]*\) \([^ ]*\)$/  {"lib\2", (void *) \&\2},/p'\'''
lt_cv_sys_global_symbol_to_cdecl='sed -n -e '\''s/^T .* \(.*\)$/extern int \1();/p'\'' -e '\''s/^[ABCDGIRSTW]* .* \(.*\)$/extern char \1;/p'\'''
lt_cv_sys_max_cmd_len=1572864

## ----------------- ##
## Output variables. ##
## ----------------- ##

ACLOCAL='${SHELL} /root/AsmXoM/binutils-2.44/missing aclocal-1.15'
AMDEPBACKSLASH='\'
AMDEP_FALSE='#'
AMDEP_TRUE=''
AMTAR='$${TAR-tar}'
AM_BACKSLASH='\'
AM_DEFAULT_V='$(AM_DEFAULT_VERBOSITY)'
AM_DEFAULT_VERBOSITY='0'
AM_V='$(V)'
AR='ar --plugin /usr/lib/gcc/x86_64-linux-gnu/9/liblto_plugin.so --plugin /usr/lib/gcc/x86_64-linux-gnu/9/liblto_plugin.so'
AUTOCONF='${SHELL} /root/AsmXoM/binutils-2.44/missing autoconf'
AUTOHEADER='${SHELL} /root/AsmXoM/binutils-2.44/missing autoheader'
AUTOMAKE='${SHELL} /root/AsmXoM/binutils-2.44/missing automake-1.15'
AWK='gawk'
CATALOGS=' da.gmo es.gmo fi.gmo fr.gmo hr.gmo id.gmo ja.gmo ka.gmo ms.gmo pt.gmo ro.gmo ru.gmo rw.gmo sr.gmo sv.gmo tr.gmo uk.gmo vi.gmo zh_CN.gmo da.gmo es.gmo fi.gmo fr.gmo hr.gmo id.gmo ja.gmo ka.gmo ms.gmo pt.gmo ro.gmo ru.gmo rw.gmo sr.gmo sv.gmo tr.gmo uk.gmo vi.gmo zh_CN.gmo'
CATOBJEXT='.gmo'
CC='gcc'
CCDEPMODE='depmode=gcc3'
CC_FOR_BUILD='gcc'
CFLAGS='-g -O2    '
COREFILE=''
COREFLAG=''
CPP='gcc -E'
CPPFLAGS=''
CYGPATH_W='echo'
DATADIRNAME='share'
DEBUGDIR='${exec_prefix}/lib/debug'
DEFS='-DHAVE_CONFIG_H'
DEPDIR='.deps'
DSYMUTIL='dsymutil'
DUMPBIN=''
ECHO_C=''
ECHO_N='-n'
ECHO_T=''
EGREP='/usr/bin/grep -E'
ENABLE_BFD_64_BIT_FALSE='#'
ENABLE_BFD_64_BIT_TRUE=''
EXEEXT=''
EXEEXT_FOR_BUILD='$(EXEEXT)'
FGREP='/usr/bin/grep -F'
GENCAT='gencat'
GENINSRC_NEVER_FALSE=''
GENINSRC_NEVER_TRUE='#'
GMSGFMT='/usr/bin/msgfmt'
GREP='/usr/bin/grep'
HDEFINES=''
INCINTL=''
INSTALL_DATA='/usr/bin/install -c -m 644'
INSTALL_LIBBFD_FALSE='#'
INSTALL_LIBBFD_TRUE=''
INSTALL_PROGRAM='/usr/bin/install -c'
INSTALL_SCRIPT='/usr/bin/install -c'
INSTALL_STRIP_PROGRAM='$(install_sh) -c -s'
INSTOBJEXT='.mo'
INTLLIBS=''
INTL_MACOSX_LIBS=''
LARGEFILE_CPPFLAGS=''
LD='ld -m elf_x86_64'
LDFLAGS=' '
LIBICONV='-liconv'
LIBINTL=''
LIBINTL_DEP=''
LIBM='-lm'
LIBOBJS=''
LIBS='-ldl '
LIBTOOL='$(SHELL) $(top_builddir)/libtool'
LIPO=''
LN_S='ln -s'
LTLIBICONV='-liconv'
LTLIBINTL=''
LTLIBOBJS=''
MAINT='#'
MAINTAINER_MODE_FALSE=''
MAINTAINER_MODE_TRUE='#'
MAKEINFO='makeinfo --split-size=5000000'
MKDIR_P='/usr/bin/mkdir -p'
MKINSTALLDIRS='$(top_builddir)/../../bfd/../mkinstalldirs'
MSGFMT='/usr/bin/msgfmt'
MSGMERGE='/usr/bin/msgmerge'
NM='/usr/bin/nm -B'
NMEDIT=''
NO_WERROR=''
OBJDUMP='objdump'
OBJEXT='o'
OTOOL64=''
OTOOL='otool'
PACKAGE='bfd'
PACKAGE_BUGREPORT=''
PACKAGE_NAME='bfd'
PACKAGE_STRING='bfd 2.44'
PACKAGE_TARNAME='bfd'
PACKAGE_URL=''
PACKAGE_VERSION='2.44'
PATH_SEPARATOR=':'
PKGVERSION='(GNU Binutils) '
PKG_CONFIG='/usr/bin/pkg-config'
PKG_CONFIG_LIBDIR=''
PKG_CONFIG_PATH=''
PLUGINS_FALSE='#'
PLUGINS_TRUE=''
POSUB='po'
RANLIB='ranlib --plugin /usr/lib/gcc/x86_64-linux-gnu/9/liblto_plugin.so --plugin /usr/lib/gcc/x86_64-linux-gnu/9/liblto_plugin.so'
REPORT_BUGS_TEXI='@uref{https://sourceware.org/bugzilla/}'
REPORT_BUGS_TO='<https://sourceware.org/bugzilla/>'
SED='/usr/bin/sed'
SET_MAKE=''
SHARED_LDFLAGS=''
SHARED_LIBADD=' '
SHELL='/bin/bash'
STRIP='strip'
TDEFINES=' '
USE_NLS='yes'
VERSION='2.44'
WARN_CFLAGS='-W -Wall -Wstrict-prototypes -Wmissing-prototypes -Wshadow -Wstack-usage=262144'
WARN_CFLAGS_FOR_BUILD='-W -Wall -Wstrict-prototypes -Wmissing-prototypes -Wshadow -Wstack-usage=262144'
WARN_WRITE_STRINGS='-Wwrite-strings'
XGETTEXT='/usr/bin/xgettext'
ZSTD_CFLAGS=''
ZSTD_LIBS=''
ac_ct_CC=''
ac_ct_DUMPBIN=''
all_backends='$(BFD64_BACKENDS) $(BFD32_BACKENDS)'
am__EXEEXT_FALSE=''
am__EXEEXT_TRUE='#'
am__fastdepCC_FALSE='#'
am__fastdepCC_TRUE=''
am__include='include'
am__isrc=' -I$(srcdir)'
am__leading_dot='.'
am__nodep='_no'
am__quote=''
am__tar='$${TAR-tar} chof - "$$tardir"'
am__untar='$${TAR-tar} xf -'
bfd64_libs='$(BFD64_LIBS)'
bfd_backends=' elf64-x86-64.lo elfxx-x86.lo elf-ifunc.lo elf-vxworks.lo elf64.lo elf.lo elflink.lo elf-attrs.lo elf-strtab.lo elf-eh-frame.lo elf-sframe.lo dwarf1.lo dwarf2.lo elf32-i386.lo elf32.lo pei-i386.lo peigen.lo cofflink.lo coffgen.lo pe-x86_64.lo pex64igen.lo pei-x86_64.lo elf64-gen.lo elf32-gen.lo plugin.lo'
bfd_default_target_size='64'
bfd_file_ptr='int64_t'
bfd_machines=' cpu-i386.lo cpu-iamcu.lo'
bfd_ufile_ptr='uint64_t'
bfdincludedir='$(includedir)'
bfdlibdir='$(libdir)'
bindir='${exec_prefix}/bin'
build='x86_64-pc-linux-gnu'
build_alias='x86_64-pc-linux-gnu'
build_cpu='x86_64'
build_os='linux-gnu'
build_vendor='pc'
datadir='${datarootdir}'
datarootdir='${prefix}/share'
docdir='${datarootdir}/doc/${PACKAGE_TARNAME}'
dvidir='${docdir}'
exec_prefix='${prefix}'
havevecs='-DHAVE_x86_64_elf64_vec -DHAVE_i386_elf32_vec -DHAVE_iamcu_elf32_vec -DHAVE_x86_64_elf32_vec -DHAVE_i386_pei_vec -DHAVE_x86_64_pe_vec -DHAVE_x86_64_pei_vec -DHAVE_elf64_le_vec -DHAVE_elf64_be_vec -DHAVE_elf32_le_vec -DHAVE_elf32_be_vec'
host='x86_64-pc-linux-gnu'
host_alias='x86_64-pc-linux-gnu'
host_cpu='x86_64'
host_noncanonical='x86_64-pc-linux-gnu'
host_os='linux-gnu'
host_vendor='pc'
htmldir='${docdir}'
includedir='${prefix}/include'
infodir='${datarootdir}/info'
install_sh='${SHELL} /root/AsmXoM/binutils-2.44/install-sh'
libdir='${exec_prefix}/lib'
libexecdir='${exec_prefix}/libexec'
localedir='${datarootdir}/locale'
localstatedir='${prefix}/var'
lt_cv_dlopen_libs='-ldl'
mandir='${datarootdir}/man'
mkdir_p='$(MKDIR_P)'
oldincludedir='/usr/include'
pdfdir='${docdir}'
prefix='/root/AsmXoM/binutils-2.44/build'
program_transform_name='s,y,y,'
psdir='${docdir}'
sbindir='${exec_prefix}/sbin'
sharedstatedir='${prefix}/com'
supports_plugins='1'
sysconfdir='${prefix}/etc'
target='x86_64-pc-linux-gnu'
target_alias='x86_64-pc-linux-gnu'
target_cpu='x86_64'
target_noncanonical='x86_64-pc-linux-gnu'
target_os='linux-gnu'
target_vendor='pc'
tdefaults=' -DDEFAULT_VECTOR=x86_64_elf64_vec -DSELECT_VECS='\''&x86_64_elf64_vec,&i386_elf32_vec,&iamcu_elf32_vec,&x86_64_elf32_vec,&i386_pei_vec,&x86_64_pe_vec,&x86_64_pei_vec,&elf64_le_vec,&elf64_be_vec,&elf32_le_vec,&elf32_be_vec'\'' -DSELECT_ARCHITECTURES='\''&bfd_i386_arch,&bfd_iamcu_arch'\'''
wordsize='64'
zlibdir='-L$(top_builddir)/../zlib'
zlibinc='-I$(top_srcdir)/../zlib'

## ----------- ##
## confdefs.h. ##
## ----------- ##

/* confdefs.h */
#define PACKAGE_NAME "bfd"
#define PACKAGE_TARNAME "bfd"
#define PACKAGE_VERSION "2.44"
#define PACKAGE_STRING "bfd 2.44"
#define PACKAGE_BUGREPORT ""
#define PACKAGE_URL ""
#define PACKAGE "bfd"
#define VERSION "2.44"
#define STDC_HEADERS 1
#define HAVE_SYS_TYPES_H 1
#define HAVE_SYS_STAT_H 1
#define HAVE_STDLIB_H 1
#define HAVE_STRING_H 1
#define HAVE_MEMORY_H 1
#define HAVE_STRINGS_H 1
#define HAVE_INTTYPES_H 1
#define HAVE_STDINT_H 1
#define HAVE_UNISTD_H 1
#define __EXTENSIONS__ 1
#define _ALL_SOURCE 1
#define _GNU_SOURCE 1
#define _POSIX_PTHREAD_SEMANTICS 1
#define _TANDEM_SOURCE 1
#define HAVE_DLFCN_H 1
#define LT_OBJDIR ".libs/"
#define HAVE_DLFCN_H 1
#define SIZEOF_VOID_P 8
#define USE_SECUREPLT 1
#define DEFAULT_LD_Z_SEPARATE_CODE 1
#define ENABLE_NLS 1
#define HAVE_GETTEXT 1
#define HAVE_DCGETTEXT 1
#define ENABLE_NLS 1
#define SIZEOF_LONG_LONG 8
#define SIZEOF_VOID_P 8
#define SIZEOF_LONG 8
#define SIZEOF_INT 4
#define HAVE_FCNTL_H 1
#define HAVE_SYS_FILE_H 1
#define HAVE_SYS_RESOURCE_H 1
#define HAVE_SYS_STAT_H 1
#define HAVE_SYS_TYPES_H 1
#define HAVE_UNISTD_H 1
#define HAVE_FCNTL 1
#define HAVE_FDOPEN 1
#define HAVE_FILENO 1
#define HAVE_GETGID 1
#define HAVE_GETPAGESIZE 1
#define HAVE_GETRLIMIT 1
#define HAVE_GETUID 1
#define HAVE_SYSCONF 1
#define HAVE_DECL_BASENAME 1
#define HAVE_DECL_FFS 1
#define HAVE_DECL_STPCPY 1
#define HAVE_DECL_ASPRINTF 1
#define HAVE_DECL_VASPRINTF 1
#define HAVE_DECL_STRNLEN 1
#define HAVE_DECL____LC_CODEPAGE_FUNC 0
#define TLS _Thread_local
#define HAVE_HIDDEN 1
#define _STRUCTURED_PROC 1
#define HAVE_SYS_PROCFS_H 1
#define HAVE_PRSTATUS_T 1
#define HAVE_PRPSINFO_T 1
#define HAVE_PRPSINFO_T_PR_PID 1
#define CORE_HEADER "hosts/x86-64linux.h"
#define HAVE_FTELLO 1
#define HAVE_FTELLO64 1
#define HAVE_FSEEKO 1
#define HAVE_FSEEKO64 1
#define HAVE_FOPEN64 1
#define HAVE_DECL_FTELLO 1
#define HAVE_DECL_FTELLO64 1
#define HAVE_DECL_FSEEKO 1
#define HAVE_DECL_FSEEKO64 1
#define HAVE_DECL_FOPEN64 1
#define SIZEOF_OFF_T 8
#define HAVE_STDLIB_H 1
#define HAVE_UNISTD_H 1
#define HAVE_SYS_PARAM_H 1
#define HAVE_GETPAGESIZE 1
#define HAVE_MMAP 1
#define HAVE_MADVISE 1
#define HAVE_MPROTECT 1
#define USE_MMAP 1

configure: exit 0

## ---------------------- ##
## Running config.status. ##
## ---------------------- ##

This file was extended by bfd config.status 2.44, which was
generated by GNU Autoconf 2.69.  Invocation command line was

  CONFIG_FILES    = po/Makefile.in:po/Make-in
  CONFIG_HEADERS  = 
  CONFIG_LINKS    = 
  CONFIG_COMMANDS = 
  $ ./config.status 

on f29a80703b68

config.status:1229: creating po/Makefile.in
config.status:1443: executing depfiles commands
config.status:1443: executing libtool commands
config.status:1443: executing default-1 commands
config.status:1443: executing default-2 commands
config.status:1443: executing default commands
